"Well","Adjusted_Absorbance","Cell_Type","Dilution"
"A1",45634.0833333333,"Healthy",2e+06
"A2",27520.0833333333,"Healthy",1e+06
"A3",15916.0833333333,"Healthy",5e+05
"A4",13197.0833333333,"Healthy",250000
"A5",9155.08333333333,"Healthy",125000
"A6",6470.08333333333,"Healthy",62500
"A7",5437.08333333333,"Healthy",31250
"A8",5052.08333333333,"Healthy",15625
"A9",4754.08333333333,"Healthy",7812.5
"A10",4476.08333333333,"Healthy",3906.25
"B1",45334.0833333333,"Healthy",2e+06
"B2",28084.0833333333,"Healthy",1e+06
"B3",18008.0833333333,"Healthy",5e+05
"B4",12329.0833333333,"Healthy",250000
"B5",8781.08333333333,"Healthy",125000
"B6",6410.08333333333,"Healthy",62500
"B7",5203.08333333333,"Healthy",31250
"B8",4970.08333333333,"Healthy",15625
"B9",4246.08333333333,"Healthy",7812.5
"B10",3994.08333333333,"Healthy",3906.25
"C1",45550.0833333333,"Healthy",2e+06
"C2",31626.0833333333,"Healthy",1e+06
"C3",23266.0833333333,"Healthy",5e+05
"C4",9297.08333333333,"Healthy",250000
"C5",8270.08333333333,"Healthy",125000
"C6",7689.08333333333,"Healthy",62500
"C7",4553.08333333333,"Healthy",31250
"C8",3769.08333333333,"Healthy",15625
"C9",3205.08333333333,"Healthy",7812.5
"C10",4039.08333333333,"Healthy",3906.25
"D1",29587.0833333333,"Diseased",2e+06
"D2",29381.0833333333,"Diseased",1e+06
"D3",16554.0833333333,"Diseased",5e+05
"D4",9426.08333333333,"Diseased",250000
"D5",13295.0833333333,"Diseased",125000
"D6",4850.08333333333,"Diseased",62500
"D7",501.083333333334,"Diseased",31250
"D8",1137.08333333333,"Diseased",15625
"D9",1321.08333333333,"Diseased",7812.5
"D10",-677.916666666666,"Diseased",3906.25
"E1",54460.0833333333,"Diseased",2e+06
"E2",9691.08333333333,"Diseased",1e+06
"E3",24169.0833333333,"Diseased",5e+05
"E4",16433.0833333333,"Diseased",250000
"E5",5881.08333333333,"Diseased",125000
"E6",1585.08333333333,"Diseased",62500
"E7",4071.08333333333,"Diseased",31250
"E8",261.083333333334,"Diseased",15625
"E9",980.083333333334,"Diseased",7812.5
"E10",1684.08333333333,"Diseased",3906.25
"F1",53521.0833333333,"Diseased",2e+06
"F2",25986.0833333333,"Diseased",1e+06
"F3",15551.0833333333,"Diseased",5e+05
"F4",12342.0833333333,"Diseased",250000
"F5",8981.08333333333,"Diseased",125000
"F6",3653.08333333333,"Diseased",62500
"F7",4530.08333333333,"Diseased",31250
"F8",1216.08333333333,"Diseased",15625
"F9",1051.08333333333,"Diseased",7812.5
"F10",1995.08333333333,"Diseased",3906.25
"A1",16056.0833333333,"Healthy",2e+06
"A2",11000.0833333333,"Healthy",1e+06
"A3",9743.08333333333,"Healthy",5e+05
"A4",7539.08333333333,"Healthy",250000
"A5",5716.08333333333,"Healthy",125000
"A6",3624.08333333333,"Healthy",62500
"A7",2888.08333333333,"Healthy",31250
"A8",2157.08333333333,"Healthy",15625
"A9",3089.08333333333,"Healthy",7812.5
"A10",1850.08333333333,"Healthy",3906.25
"B1",16069.0833333333,"Healthy",2e+06
"B2",11289.0833333333,"Healthy",1e+06
"B3",8544.08333333333,"Healthy",5e+05
"B4",4791.08333333333,"Healthy",250000
"B5",2748.08333333333,"Healthy",125000
"B6",4214.08333333333,"Healthy",62500
"B7",2992.08333333333,"Healthy",31250
"B8",2214.08333333333,"Healthy",15625
"B9",1343.08333333333,"Healthy",7812.5
"B10",6973.08333333333,"Healthy",3906.25
"C1",20104.0833333333,"Healthy",2e+06
"C2",10680.0833333333,"Healthy",1e+06
"C3",8235.08333333333,"Healthy",5e+05
"C4",5576.08333333333,"Healthy",250000
"C5",4348.08333333333,"Healthy",125000
"C6",3273.08333333333,"Healthy",62500
"C7",2748.08333333333,"Healthy",31250
"C8",524.083333333334,"Healthy",15625
"C9",1422.08333333333,"Healthy",7812.5
"C10",3327.08333333333,"Healthy",3906.25
"D1",13265.0833333333,"Diseased",2e+06
"D2",8649.08333333333,"Diseased",1e+06
"D3",246.083333333334,"Diseased",5e+05
"D4",613.083333333334,"Diseased",250000
"D5",20959.0833333333,"Diseased",125000
"D6",16012.0833333333,"Diseased",62500
"D7",-1369.91666666667,"Diseased",31250
"D8",-1658.91666666667,"Diseased",15625
"D9",-2010.91666666667,"Diseased",7812.5
"D10",-1603.91666666667,"Diseased",3906.25
"E1",14816.0833333333,"Diseased",2e+06
"E2",7614.08333333333,"Diseased",1e+06
"E3",3207.08333333333,"Diseased",5e+05
"E4",868.083333333334,"Diseased",250000
"E5",3771.08333333333,"Diseased",125000
"E6",2072.08333333333,"Diseased",62500
"E7",1629.08333333333,"Diseased",31250
"E8",4090.08333333333,"Diseased",15625
"E9",1023.08333333333,"Diseased",7812.5
"E10",-3533.91666666667,"Diseased",3906.25
"F1",19418.0833333333,"Diseased",2e+06
"F2",8010.08333333333,"Diseased",1e+06
"F3",5390.08333333333,"Diseased",5e+05
"F4",661.083333333334,"Diseased",250000
"F5",393.083333333334,"Diseased",125000
"F6",1726.08333333333,"Diseased",62500
"F7",-1610.91666666667,"Diseased",31250
"F8",-979.916666666666,"Diseased",15625
"F9",1672.08333333333,"Diseased",7812.5
"F10",174.083333333334,"Diseased",3906.25
"A1",35658.75,"Healthy",2e+06
"A2",17114.75,"Healthy",1e+06
"A3",22095.75,"Healthy",5e+05
"A4",13147.75,"Healthy",250000
"A5",11010.75,"Healthy",125000
"A6",8675.75,"Healthy",62500
"A7",6259.75,"Healthy",31250
"A8",6386.75,"Healthy",15625
"A9",5384.75,"Healthy",7812.5
"A10",5195.75,"Healthy",3906.25
"B1",35392.75,"Healthy",2e+06
"B2",22097.75,"Healthy",1e+06
"B3",26546.75,"Healthy",5e+05
"B4",15074.75,"Healthy",250000
"B5",15088.75,"Healthy",125000
"B6",10323.75,"Healthy",62500
"B7",8127.75,"Healthy",31250
"B8",6282.75,"Healthy",15625
"B9",5903.75,"Healthy",7812.5
"B10",7167.75,"Healthy",3906.25
"C1",28458.75,"Healthy",2e+06
"C2",23477.75,"Healthy",1e+06
"C3",21074.75,"Healthy",5e+05
"C4",12062.75,"Healthy",250000
"C5",10529.75,"Healthy",125000
"C6",8056.75,"Healthy",62500
"C7",6374.75,"Healthy",31250
"C8",5650.75,"Healthy",15625
"C9",6058.75,"Healthy",7812.5
"C10",9102.75,"Healthy",3906.25
"D1",18665.75,"Diseased",2e+06
"D2",17408.75,"Diseased",1e+06
"D3",16964.75,"Diseased",5e+05
"D4",8648.75,"Diseased",250000
"D5",10873.75,"Diseased",125000
"D6",11779.75,"Diseased",62500
"D7",7201.75,"Diseased",31250
"D8",6774.75,"Diseased",15625
"D9",4378.75,"Diseased",7812.5
"D10",3093.75,"Diseased",3906.25
"E1",26314.75,"Diseased",2e+06
"E2",20009.75,"Diseased",1e+06
"E3",12692.75,"Diseased",5e+05
"E4",12258.75,"Diseased",250000
"E5",6229.75,"Diseased",125000
"E6",8420.75,"Diseased",62500
"E7",4040.75,"Diseased",31250
"E8",9021.75,"Diseased",15625
"E9",6242.75,"Diseased",7812.5
"E10",18156.75,"Diseased",3906.25
"F1",29968.75,"Diseased",2e+06
"F2",16878.75,"Diseased",1e+06
"F3",26378.75,"Diseased",5e+05
"F4",11941.75,"Diseased",250000
"F5",9150.75,"Diseased",125000
"F6",8883.75,"Diseased",62500
"F7",5747.75,"Diseased",31250
"F8",2677.75,"Diseased",15625
"F9",3573.75,"Diseased",7812.5
"F10",5472.75,"Diseased",3906.25
"A1",49177.4166666667,"Healthy",2e+06
"A2",37962.4166666667,"Healthy",1e+06
"A3",37807.4166666667,"Healthy",5e+05
"A4",42284.4166666667,"Healthy",250000
"A5",25875.4166666667,"Healthy",125000
"A6",19564.4166666667,"Healthy",62500
"A7",12653.4166666667,"Healthy",31250
"A8",8902.41666666667,"Healthy",15625
"A9",7319.41666666667,"Healthy",7812.5
"A10",5500.41666666667,"Healthy",3906.25
"B1",45067.4166666667,"Healthy",2e+06
"B2",31913.4166666667,"Healthy",1e+06
"B3",46343.4166666667,"Healthy",5e+05
"B4",35471.4166666667,"Healthy",250000
"B5",22815.4166666667,"Healthy",125000
"B6",17802.4166666667,"Healthy",62500
"B7",11871.4166666667,"Healthy",31250
"B8",7683.41666666667,"Healthy",15625
"B9",5571.41666666667,"Healthy",7812.5
"B10",5115.41666666667,"Healthy",3906.25
"C1",44727.4166666667,"Healthy",2e+06
"C2",28641.4166666667,"Healthy",1e+06
"C3",49110.4166666667,"Healthy",5e+05
"C4",32833.4166666667,"Healthy",250000
"C5",23267.4166666667,"Healthy",125000
"C6",18411.4166666667,"Healthy",62500
"C7",10463.4166666667,"Healthy",31250
"C8",7995.41666666667,"Healthy",15625
"C9",5562.41666666667,"Healthy",7812.5
"C10",3855.41666666667,"Healthy",3906.25
"D1",41645.4166666667,"Diseased",2e+06
"D2",19144.4166666667,"Diseased",1e+06
"D3",22436.4166666667,"Diseased",5e+05
"D4",26843.4166666667,"Diseased",250000
"D5",14704.4166666667,"Diseased",125000
"D6",6915.41666666667,"Diseased",62500
"D7",6507.41666666667,"Diseased",31250
"D8",1535.41666666667,"Diseased",15625
"D9",-344.583333333334,"Diseased",7812.5
"D10",1560.41666666667,"Diseased",3906.25
"E1",31871.4166666667,"Diseased",2e+06
"E2",18051.4166666667,"Diseased",1e+06
"E3",19964.4166666667,"Diseased",5e+05
"E4",21987.4166666667,"Diseased",250000
"E5",11994.4166666667,"Diseased",125000
"E6",11747.4166666667,"Diseased",62500
"E7",6161.41666666667,"Diseased",31250
"E8",3828.41666666667,"Diseased",15625
"E9",3545.41666666667,"Diseased",7812.5
"E10",508.416666666666,"Diseased",3906.25
"F1",33752.4166666667,"Diseased",2e+06
"F2",23696.4166666667,"Diseased",1e+06
"F3",23546.4166666667,"Diseased",5e+05
"F4",24103.4166666667,"Diseased",250000
"F5",18321.4166666667,"Diseased",125000
"F6",10081.4166666667,"Diseased",62500
"F7",5634.41666666667,"Diseased",31250
"F8",4220.41666666667,"Diseased",15625
"F9",2515.41666666667,"Diseased",7812.5
"F10",950.416666666666,"Diseased",3906.25
"A1",33252.6666666667,"Healthy",2e+06
"A2",42420.6666666667,"Healthy",1e+06
"A3",38824.6666666667,"Healthy",5e+05
"A4",30051.6666666667,"Healthy",250000
"A5",17943.6666666667,"Healthy",125000
"A6",11616.6666666667,"Healthy",62500
"A7",6477.66666666667,"Healthy",31250
"A8",4303.66666666667,"Healthy",15625
"A9",3941.66666666667,"Healthy",7812.5
"A10",3116.66666666667,"Healthy",3906.25
"B1",37029.6666666667,"Healthy",2e+06
"B2",24381.6666666667,"Healthy",1e+06
"B3",46896.6666666667,"Healthy",5e+05
"B4",23153.6666666667,"Healthy",250000
"B5",16291.6666666667,"Healthy",125000
"B6",9749.66666666667,"Healthy",62500
"B7",15445.6666666667,"Healthy",31250
"B8",3028.66666666667,"Healthy",15625
"B9",1835.66666666667,"Healthy",7812.5
"B10",2205.66666666667,"Healthy",3906.25
"C1",30003.6666666667,"Healthy",2e+06
"C2",20989.6666666667,"Healthy",1e+06
"C3",22398.6666666667,"Healthy",5e+05
"C4",17708.6666666667,"Healthy",250000
"C5",13055.6666666667,"Healthy",125000
"C6",7531.66666666667,"Healthy",62500
"C7",5544.66666666667,"Healthy",31250
"C8",2211.66666666667,"Healthy",15625
"C9",1935.66666666667,"Healthy",7812.5
"C10",2336.66666666667,"Healthy",3906.25
"D1",27534.6666666667,"Diseased",2e+06
"D2",13989.6666666667,"Diseased",1e+06
"D3",10106.6666666667,"Diseased",5e+05
"D4",8423.66666666667,"Diseased",250000
"D5",8093.66666666667,"Diseased",125000
"D6",3098.66666666667,"Diseased",62500
"D7",2837.66666666667,"Diseased",31250
"D8",-2162.33333333333,"Diseased",15625
"D9",-31.3333333333339,"Diseased",7812.5
"D10",-243.333333333334,"Diseased",3906.25
"E1",18295.6666666667,"Diseased",2e+06
"E2",17290.6666666667,"Diseased",1e+06
"E3",-9857.33333333333,"Diseased",5e+05
"E4",5337.66666666667,"Diseased",250000
"E5",7437.66666666667,"Diseased",125000
"E6",6572.66666666667,"Diseased",62500
"E7",904.666666666666,"Diseased",31250
"E8",381.666666666666,"Diseased",15625
"E9",155.666666666666,"Diseased",7812.5
"E10",-1042.33333333333,"Diseased",3906.25
"F1",19701.6666666667,"Diseased",2e+06
"F2",13056.6666666667,"Diseased",1e+06
"F3",13916.6666666667,"Diseased",5e+05
"F4",7696.66666666667,"Diseased",250000
"F5",12230.6666666667,"Diseased",125000
"F6",2499.66666666667,"Diseased",62500
"F7",2311.66666666667,"Diseased",31250
"F8",837.666666666666,"Diseased",15625
"F9",-1927.33333333333,"Diseased",7812.5
"F10",-2305.33333333333,"Diseased",3906.25
"A1",86024.75,"Healthy",2e+06
"A2",48297.75,"Healthy",1e+06
"A3",31686.75,"Healthy",5e+05
"A4",22362.75,"Healthy",250000
"A5",20517.75,"Healthy",125000
"A6",19698.75,"Healthy",62500
"A7",20201.75,"Healthy",31250
"A8",15431.75,"Healthy",15625
"A9",17257.75,"Healthy",7812.5
"A10",14953.75,"Healthy",3906.25
"B1",81690.75,"Healthy",2e+06
"B2",50344.75,"Healthy",1e+06
"B3",29179.75,"Healthy",5e+05
"B4",22000.75,"Healthy",250000
"B5",18081.75,"Healthy",125000
"B6",17505.75,"Healthy",62500
"B7",17674.75,"Healthy",31250
"B8",13164.75,"Healthy",15625
"B9",11264.75,"Healthy",7812.5
"B10",13470.75,"Healthy",3906.25
"C1",61889.75,"Healthy",2e+06
"C2",35206.75,"Healthy",1e+06
"C3",24139.75,"Healthy",5e+05
"C4",18281.75,"Healthy",250000
"C5",15369.75,"Healthy",125000
"C6",15497.75,"Healthy",62500
"C7",14734.75,"Healthy",31250
"C8",11907.75,"Healthy",15625
"C9",13271.75,"Healthy",7812.5
"C10",13100.75,"Healthy",3906.25
"D1",68470.75,"Diseased",2e+06
"D2",42315.75,"Diseased",1e+06
"D3",24880.75,"Diseased",5e+05
"D4",16599.75,"Diseased",250000
"D5",7820.75,"Diseased",125000
"D6",9540.75,"Diseased",62500
"D7",2117.75,"Diseased",31250
"D8",2644.75,"Diseased",15625
"D9",4236.75,"Diseased",7812.5
"D10",5631.75,"Diseased",3906.25
"E1",62576.75,"Diseased",2e+06
"E2",36537.75,"Diseased",1e+06
"E3",33463.75,"Diseased",5e+05
"E4",14966.75,"Diseased",250000
"E5",9712.75,"Diseased",125000
"E6",9736.75,"Diseased",62500
"E7",12279.75,"Diseased",31250
"E8",7955.75,"Diseased",15625
"E9",6443.75,"Diseased",7812.5
"E10",9818.75,"Diseased",3906.25
"F1",66282.75,"Diseased",2e+06
"F2",38128.75,"Diseased",1e+06
"F3",32328.75,"Diseased",5e+05
"F4",-15955.25,"Diseased",250000
"F5",14688.75,"Diseased",125000
"F6",21007.75,"Diseased",62500
"F7",18380.75,"Diseased",31250
"F8",10285.75,"Diseased",15625
"F9",8917.75,"Diseased",7812.5
"F10",7371.75,"Diseased",3906.25
"A1",52120.5,"Healthy",2e+06
"A2",41929.5,"Healthy",1e+06
"A3",37486.5,"Healthy",5e+05
"A4",20923.5,"Healthy",250000
"A5",10760.5,"Healthy",125000
"A6",7280.5,"Healthy",62500
"A7",3362.5,"Healthy",31250
"A8",591.5,"Healthy",15625
"A9",1110.5,"Healthy",7812.5
"A10",6159.5,"Healthy",3906.25
"B1",43756.5,"Healthy",2e+06
"B2",41667.5,"Healthy",1e+06
"B3",45503.5,"Healthy",5e+05
"B4",22991.5,"Healthy",250000
"B5",13447.5,"Healthy",125000
"B6",6595.5,"Healthy",62500
"B7",10470.5,"Healthy",31250
"B8",2948.5,"Healthy",15625
"B9",2906.5,"Healthy",7812.5
"B10",1695.5,"Healthy",3906.25
"C1",35033.5,"Healthy",2e+06
"C2",45122.5,"Healthy",1e+06
"C3",33479.5,"Healthy",5e+05
"C4",16846.5,"Healthy",250000
"C5",10252.5,"Healthy",125000
"C6",5450.5,"Healthy",62500
"C7",5174.5,"Healthy",31250
"C8",1043.5,"Healthy",15625
"C9",1374.5,"Healthy",7812.5
"C10",1974.5,"Healthy",3906.25
"D1",21786.5,"Diseased",2e+06
"D2",4850.5,"Diseased",1e+06
"D3",1623.5,"Diseased",5e+05
"D4",-3388.5,"Diseased",250000
"D5",-3689.5,"Diseased",125000
"D6",-6534.5,"Diseased",62500
"D7",-4556.5,"Diseased",31250
"D8",-7708.5,"Diseased",15625
"D9",-5428.5,"Diseased",7812.5
"D10",-4308.5,"Diseased",3906.25
"E1",29833.5,"Diseased",2e+06
"E2",3854.5,"Diseased",1e+06
"E3",-310.5,"Diseased",5e+05
"E4",-337.5,"Diseased",250000
"E5",-3461.5,"Diseased",125000
"E6",-6257.5,"Diseased",62500
"E7",-5010.5,"Diseased",31250
"E8",-5645.5,"Diseased",15625
"E9",-5671.5,"Diseased",7812.5
"E10",-4339.5,"Diseased",3906.25
"F1",18655.5,"Diseased",2e+06
"F2",17335.5,"Diseased",1e+06
"F3",14011.5,"Diseased",5e+05
"F4",5105.5,"Diseased",250000
"F5",-1055.5,"Diseased",125000
"F6",11057.5,"Diseased",62500
"F7",-4417.5,"Diseased",31250
"F8",-3192.5,"Diseased",15625
"F9",-9304.5,"Diseased",7812.5
"F10",-8811.5,"Diseased",3906.25
"A1",19237.5,"Healthy",2e+06
"A2",8734.5,"Healthy",1e+06
"A3",4153.5,"Healthy",5e+05
"A4",1486.5,"Healthy",250000
"A5",880.5,"Healthy",125000
"A6",309.5,"Healthy",62500
"A7",1124.5,"Healthy",31250
"A8",-2904.5,"Healthy",15625
"A9",-13432.5,"Healthy",7812.5
"A10",-3987.5,"Healthy",3906.25
"B1",41237.5,"Healthy",2e+06
"B2",19331.5,"Healthy",1e+06
"B3",10332.5,"Healthy",5e+05
"B4",3216.5,"Healthy",250000
"B5",6795.5,"Healthy",125000
"B6",2848.5,"Healthy",62500
"B7",-383.5,"Healthy",31250
"B8",-2438.5,"Healthy",15625
"B9",-13647.5,"Healthy",7812.5
"B10",-5188.5,"Healthy",3906.25
"C1",32395.5,"Healthy",2e+06
"C2",28498.5,"Healthy",1e+06
"C3",20286.5,"Healthy",5e+05
"C4",6503.5,"Healthy",250000
"C5",7958.5,"Healthy",125000
"C6",-211.5,"Healthy",62500
"C7",609.5,"Healthy",31250
"C8",-13879.5,"Healthy",15625
"C9",-3421.5,"Healthy",7812.5
"C10",-4496.5,"Healthy",3906.25
"D1",14730.5,"Diseased",2e+06
"D2",3942.5,"Diseased",1e+06
"D3",-1639.5,"Diseased",5e+05
"D4",-1144.5,"Diseased",250000
"D5",-5.5,"Diseased",125000
"D6",-2531.5,"Diseased",62500
"D7",-5090.5,"Diseased",31250
"D8",-14169.5,"Diseased",15625
"D9",-5433.5,"Diseased",7812.5
"D10",-8885.5,"Diseased",3906.25
"E1",13314.5,"Diseased",2e+06
"E2",6127.5,"Diseased",1e+06
"E3",-207.5,"Diseased",5e+05
"E4",53.5,"Diseased",250000
"E5",-344.5,"Diseased",125000
"E6",-6421.5,"Diseased",62500
"E7",-4701.5,"Diseased",31250
"E8",-15181.5,"Diseased",15625
"E9",-6060.5,"Diseased",7812.5
"E10",-5758.5,"Diseased",3906.25
"F1",16131.5,"Diseased",2e+06
"F2",4638.5,"Diseased",1e+06
"F3",218.5,"Diseased",5e+05
"F4",-1934.5,"Diseased",250000
"F5",620.5,"Diseased",125000
"F6",-5310.5,"Diseased",62500
"F7",-5847.5,"Diseased",31250
"F8",-15097.5,"Diseased",15625
"F9",-5027.5,"Diseased",7812.5
"F10",-4518.5,"Diseased",3906.25
"A1",54985.5,"Healthy",2e+06
"A2",30961.5,"Healthy",1e+06
"A3",22116.5,"Healthy",5e+05
"A4",17951.5,"Healthy",250000
"A5",14537.5,"Healthy",125000
"A6",13333.5,"Healthy",62500
"A7",10496.5,"Healthy",31250
"A8",10203.5,"Healthy",15625
"A9",10550.5,"Healthy",7812.5
"A10",10158.5,"Healthy",3906.25
"B1",57346.5,"Healthy",2e+06
"B2",35776.5,"Healthy",1e+06
"B3",31330.5,"Healthy",5e+05
"B4",23195.5,"Healthy",250000
"B5",16613.5,"Healthy",125000
"B6",13971.5,"Healthy",62500
"B7",11615.5,"Healthy",31250
"B8",11396.5,"Healthy",15625
"B9",10123.5,"Healthy",7812.5
"B10",9235.5,"Healthy",3906.25
"C1",55678.5,"Healthy",2e+06
"C2",38029.5,"Healthy",1e+06
"C3",27866.5,"Healthy",5e+05
"C4",18191.5,"Healthy",250000
"C5",13987.5,"Healthy",125000
"C6",12159.5,"Healthy",62500
"C7",8560.5,"Healthy",31250
"C8",7726.5,"Healthy",15625
"C9",8813.5,"Healthy",7812.5
"C10",8159.5,"Healthy",3906.25
"D1",32926.5,"Diseased",2e+06
"D2",22042.5,"Diseased",1e+06
"D3",22353.5,"Diseased",5e+05
"D4",6934.5,"Diseased",250000
"D5",13375.5,"Diseased",125000
"D6",8874.5,"Diseased",62500
"D7",8777.5,"Diseased",31250
"D8",2371.5,"Diseased",15625
"D9",7231.5,"Diseased",7812.5
"D10",3045.5,"Diseased",3906.25
"E1",34733.5,"Diseased",2e+06
"E2",18774.5,"Diseased",1e+06
"E3",12620.5,"Diseased",5e+05
"E4",10509.5,"Diseased",250000
"E5",9247.5,"Diseased",125000
"E6",10056.5,"Diseased",62500
"E7",8036.5,"Diseased",31250
"E8",2011.5,"Diseased",15625
"E9",3416.5,"Diseased",7812.5
"E10",7893.5,"Diseased",3906.25
"F1",37045.5,"Diseased",2e+06
"F2",22255.5,"Diseased",1e+06
"F3",17447.5,"Diseased",5e+05
"F4",14420.5,"Diseased",250000
"F5",4676.5,"Diseased",125000
"F6",4300.5,"Diseased",62500
"F7",11636.5,"Diseased",31250
"F8",6731.5,"Diseased",15625
"F9",7216.5,"Diseased",7812.5
"F10",4110.5,"Diseased",3906.25
"A1",56114,"Healthy",2e+06
"A2",65154,"Healthy",1e+06
"A3",55660,"Healthy",5e+05
"A4",53264,"Healthy",250000
"A5",32403,"Healthy",125000
"A6",19727,"Healthy",62500
"A7",24600,"Healthy",31250
"A8",11313,"Healthy",15625
"A9",12108,"Healthy",7812.5
"A10",8733,"Healthy",3906.25
"B1",57862,"Healthy",2e+06
"B2",34187,"Healthy",1e+06
"B3",46023,"Healthy",5e+05
"B4",27042,"Healthy",250000
"B5",29044,"Healthy",125000
"B6",26898,"Healthy",62500
"B7",17339,"Healthy",31250
"B8",12554,"Healthy",15625
"B9",9049,"Healthy",7812.5
"B10",5572,"Healthy",3906.25
"C1",70375,"Healthy",2e+06
"C2",55185,"Healthy",1e+06
"C3",92260,"Healthy",5e+05
"C4",63121,"Healthy",250000
"C5",31961,"Healthy",125000
"C6",27781,"Healthy",62500
"C7",18079,"Healthy",31250
"C8",10297,"Healthy",15625
"C9",7906,"Healthy",7812.5
"C10",7013,"Healthy",3906.25
"D1",30627,"Diseased",2e+06
"D2",25122,"Diseased",1e+06
"D3",18251,"Diseased",5e+05
"D4",12393,"Diseased",250000
"D5",8411,"Diseased",125000
"D6",2525,"Diseased",62500
"D7",247,"Diseased",31250
"D8",1290,"Diseased",15625
"D9",-1114,"Diseased",7812.5
"D10",-1601,"Diseased",3906.25
"E1",67611,"Diseased",2e+06
"E2",19649,"Diseased",1e+06
"E3",34421,"Diseased",5e+05
"E4",8558,"Diseased",250000
"E5",8786,"Diseased",125000
"E6",2838,"Diseased",62500
"E7",6457,"Diseased",31250
"E8",-1245,"Diseased",15625
"E9",2850,"Diseased",7812.5
"E10",-4243,"Diseased",3906.25
"F1",48048,"Diseased",2e+06
"F2",21429,"Diseased",1e+06
"F3",29681,"Diseased",5e+05
"F4",20000,"Diseased",250000
"F5",14361,"Diseased",125000
"F6",4523,"Diseased",62500
"F7",1876,"Diseased",31250
"F8",-744,"Diseased",15625
"F9",1676,"Diseased",7812.5
"F10",-2519,"Diseased",3906.25
"A1",30175.6666666667,"Healthy",2e+06
"A2",24330.6666666667,"Healthy",1e+06
"A3",17482.6666666667,"Healthy",5e+05
"A4",11203.6666666667,"Healthy",250000
"A5",5908.66666666667,"Healthy",125000
"A6",7822.66666666667,"Healthy",62500
"A7",4291.66666666667,"Healthy",31250
"A8",5318.66666666667,"Healthy",15625
"A9",3896.66666666667,"Healthy",7812.5
"A10",2688.66666666667,"Healthy",3906.25
"B1",23790.6666666667,"Healthy",2e+06
"B2",20146.6666666667,"Healthy",1e+06
"B3",13283.6666666667,"Healthy",5e+05
"B4",7918.66666666667,"Healthy",250000
"B5",5926.66666666667,"Healthy",125000
"B6",4338.66666666667,"Healthy",62500
"B7",3152.66666666667,"Healthy",31250
"B8",2818.66666666667,"Healthy",15625
"B9",3001.66666666667,"Healthy",7812.5
"B10",2493.66666666667,"Healthy",3906.25
"C1",29144.6666666667,"Healthy",2e+06
"C2",16198.6666666667,"Healthy",1e+06
"C3",10284.6666666667,"Healthy",5e+05
"C4",5984.66666666667,"Healthy",250000
"C5",3897.66666666667,"Healthy",125000
"C6",3231.66666666667,"Healthy",62500
"C7",2813.66666666667,"Healthy",31250
"C8",1973.66666666667,"Healthy",15625
"C9",1827.66666666667,"Healthy",7812.5
"C10",1754.66666666667,"Healthy",3906.25
"D1",20626.6666666667,"Diseased",2e+06
"D2",12145.6666666667,"Diseased",1e+06
"D3",4881.66666666667,"Diseased",5e+05
"D4",2257.66666666667,"Diseased",250000
"D5",238.666666666666,"Diseased",125000
"D6",1802.66666666667,"Diseased",62500
"D7",143.666666666666,"Diseased",31250
"D8",-224.333333333334,"Diseased",15625
"D9",-1031.33333333333,"Diseased",7812.5
"D10",-1989.33333333333,"Diseased",3906.25
"E1",23659.6666666667,"Diseased",2e+06
"E2",10208.6666666667,"Diseased",1e+06
"E3",12326.6666666667,"Diseased",5e+05
"E4",8651.66666666667,"Diseased",250000
"E5",4679.66666666667,"Diseased",125000
"E6",777.666666666666,"Diseased",62500
"E7",216.666666666666,"Diseased",31250
"E8",914.666666666666,"Diseased",15625
"E9",312.666666666666,"Diseased",7812.5
"E10",-1189.33333333333,"Diseased",3906.25
"F1",20110.6666666667,"Diseased",2e+06
"F2",24317.6666666667,"Diseased",1e+06
"F3",17321.6666666667,"Diseased",5e+05
"F4",4604.66666666667,"Diseased",250000
"F5",4773.66666666667,"Diseased",125000
"F6",410.666666666666,"Diseased",62500
"F7",2024.66666666667,"Diseased",31250
"F8",-604.333333333334,"Diseased",15625
"F9",-1055.33333333333,"Diseased",7812.5
"F10",843.666666666666,"Diseased",3906.25
"A1",60151.3333333333,"Healthy",2e+06
"A2",85014.3333333333,"Healthy",1e+06
"A3",81851.3333333333,"Healthy",5e+05
"A4",48511.3333333333,"Healthy",250000
"A5",21900.3333333333,"Healthy",125000
"A6",16173.3333333333,"Healthy",62500
"A7",8985.33333333333,"Healthy",31250
"A8",6895.33333333333,"Healthy",15625
"A9",9234.33333333333,"Healthy",7812.5
"A10",2427.33333333333,"Healthy",3906.25
"B1",88881.3333333333,"Healthy",2e+06
"B2",97759.3333333333,"Healthy",1e+06
"B3",182548.333333333,"Healthy",5e+05
"B4",42755.3333333333,"Healthy",250000
"B5",19178.3333333333,"Healthy",125000
"B6",15558.3333333333,"Healthy",62500
"B7",9502.33333333333,"Healthy",31250
"B8",7931.33333333333,"Healthy",15625
"B9",7015.33333333333,"Healthy",7812.5
"B10",3177.33333333333,"Healthy",3906.25
"C1",54225.3333333333,"Healthy",2e+06
"C2",60108.3333333333,"Healthy",1e+06
"C3",83249.3333333333,"Healthy",5e+05
"C4",37991.3333333333,"Healthy",250000
"C5",22794.3333333333,"Healthy",125000
"C6",15381.3333333333,"Healthy",62500
"C7",10354.3333333333,"Healthy",31250
"C8",6710.33333333333,"Healthy",15625
"C9",4323.33333333333,"Healthy",7812.5
"C10",4146.33333333333,"Healthy",3906.25
"D1",40051.3333333333,"Diseased",2e+06
"D2",28420.3333333333,"Diseased",1e+06
"D3",17153.3333333333,"Diseased",5e+05
"D4",30468.3333333333,"Diseased",250000
"D5",10002.3333333333,"Diseased",125000
"D6",5776.33333333333,"Diseased",62500
"D7",6102.33333333333,"Diseased",31250
"D8",3887.33333333333,"Diseased",15625
"D9",-1550.66666666667,"Diseased",7812.5
"D10",-2861.66666666667,"Diseased",3906.25
"E1",46794.3333333333,"Diseased",2e+06
"E2",26846.3333333333,"Diseased",1e+06
"E3",27129.3333333333,"Diseased",5e+05
"E4",26089.3333333333,"Diseased",250000
"E5",8084.33333333333,"Diseased",125000
"E6",6797.33333333333,"Diseased",62500
"E7",4584.33333333333,"Diseased",31250
"E8",-2416.66666666667,"Diseased",15625
"E9",-1893.66666666667,"Diseased",7812.5
"E10",-4615.66666666667,"Diseased",3906.25
"F1",60167.3333333333,"Diseased",2e+06
"F2",20746.3333333333,"Diseased",1e+06
"F3",31890.3333333333,"Diseased",5e+05
"F4",14687.3333333333,"Diseased",250000
"F5",10414.3333333333,"Diseased",125000
"F6",14870.3333333333,"Diseased",62500
"F7",3860.33333333333,"Diseased",31250
"F8",-15139.6666666667,"Diseased",15625
"F9",12589.3333333333,"Diseased",7812.5
"F10",-1770.66666666667,"Diseased",3906.25
"A1",61045.8333333333,"Healthy",2e+06
"A2",47260.8333333333,"Healthy",1e+06
"A3",47417.8333333333,"Healthy",5e+05
"A4",34627.8333333333,"Healthy",250000
"A5",20209.8333333333,"Healthy",125000
"A6",13503.8333333333,"Healthy",62500
"A7",10720.8333333333,"Healthy",31250
"A8",9279.83333333333,"Healthy",15625
"A9",6871.83333333333,"Healthy",7812.5
"A10",6782.83333333333,"Healthy",3906.25
"B1",51821.8333333333,"Healthy",2e+06
"B2",54645.8333333333,"Healthy",1e+06
"B3",44017.8333333333,"Healthy",5e+05
"B4",37057.8333333333,"Healthy",250000
"B5",21888.8333333333,"Healthy",125000
"B6",14243.8333333333,"Healthy",62500
"B7",9833.83333333333,"Healthy",31250
"B8",6872.83333333333,"Healthy",15625
"B9",4719.83333333333,"Healthy",7812.5
"B10",5078.83333333333,"Healthy",3906.25
"C1",45945.8333333333,"Healthy",2e+06
"C2",27177.8333333333,"Healthy",1e+06
"C3",41190.8333333333,"Healthy",5e+05
"C4",31173.8333333333,"Healthy",250000
"C5",21137.8333333333,"Healthy",125000
"C6",13649.8333333333,"Healthy",62500
"C7",10143.8333333333,"Healthy",31250
"C8",7444.83333333333,"Healthy",15625
"C9",4965.83333333333,"Healthy",7812.5
"C10",4602.83333333333,"Healthy",3906.25
"D1",31681.8333333333,"Diseased",2e+06
"D2",25303.8333333333,"Diseased",1e+06
"D3",21954.8333333333,"Diseased",5e+05
"D4",17820.8333333333,"Diseased",250000
"D5",9254.83333333333,"Diseased",125000
"D6",6428.83333333333,"Diseased",62500
"D7",3433.83333333333,"Diseased",31250
"D8",2091.83333333333,"Diseased",15625
"D9",-868.166666666668,"Diseased",7812.5
"D10",-378.166666666668,"Diseased",3906.25
"E1",45416.8333333333,"Diseased",2e+06
"E2",21058.8333333333,"Diseased",1e+06
"E3",18188.8333333333,"Diseased",5e+05
"E4",19772.8333333333,"Diseased",250000
"E5",14298.8333333333,"Diseased",125000
"E6",7588.83333333333,"Diseased",62500
"E7",6981.83333333333,"Diseased",31250
"E8",3712.83333333333,"Diseased",15625
"E9",3545.83333333333,"Diseased",7812.5
"E10",-1985.16666666667,"Diseased",3906.25
"F1",50480.8333333333,"Diseased",2e+06
"F2",28469.8333333333,"Diseased",1e+06
"F3",17145.8333333333,"Diseased",5e+05
"F4",37060.8333333333,"Diseased",250000
"F5",11156.8333333333,"Diseased",125000
"F6",8591.83333333333,"Diseased",62500
"F7",4169.83333333333,"Diseased",31250
"F8",7485.83333333333,"Diseased",15625
"F9",-3733.16666666667,"Diseased",7812.5
"F10",-2321.16666666667,"Diseased",3906.25
"A1",19634,"Healthy",2e+06
"A2",16364,"Healthy",1e+06
"A3",8052,"Healthy",5e+05
"A4",4633,"Healthy",250000
"A5",1438,"Healthy",125000
"A6",-623,"Healthy",62500
"A7",-928,"Healthy",31250
"A8",-1257,"Healthy",15625
"A9",63,"Healthy",7812.5
"A10",-741,"Healthy",3906.25
"B1",22417,"Healthy",2e+06
"B2",14689,"Healthy",1e+06
"B3",4885,"Healthy",5e+05
"B4",2368,"Healthy",250000
"B5",-560,"Healthy",125000
"B6",-688,"Healthy",62500
"B7",-1233,"Healthy",31250
"B8",-1696,"Healthy",15625
"B9",-1386,"Healthy",7812.5
"B10",145,"Healthy",3906.25
"C1",15312,"Healthy",2e+06
"C2",18377,"Healthy",1e+06
"C3",9005,"Healthy",5e+05
"C4",4506,"Healthy",250000
"C5",610,"Healthy",125000
"C6",-862,"Healthy",62500
"C7",-1215,"Healthy",31250
"C8",-1815,"Healthy",15625
"C9",-1251,"Healthy",7812.5
"C10",-2469,"Healthy",3906.25
"D1",16621,"Diseased",2e+06
"D2",12083,"Diseased",1e+06
"D3",1928,"Diseased",5e+05
"D4",1331,"Diseased",250000
"D5",-3092,"Diseased",125000
"D6",-1792,"Diseased",62500
"D7",-4542,"Diseased",31250
"D8",-3461,"Diseased",15625
"D9",-5742,"Diseased",7812.5
"D10",-6881,"Diseased",3906.25
"E1",24684,"Diseased",2e+06
"E2",15385,"Diseased",1e+06
"E3",5880,"Diseased",5e+05
"E4",912,"Diseased",250000
"E5",-2360,"Diseased",125000
"E6",-5031,"Diseased",62500
"E7",-4504,"Diseased",31250
"E8",-4538,"Diseased",15625
"E9",-3968,"Diseased",7812.5
"E10",-4566,"Diseased",3906.25
"F1",17061,"Diseased",2e+06
"F2",18497,"Diseased",1e+06
"F3",2400,"Diseased",5e+05
"F4",518,"Diseased",250000
"F5",-1625,"Diseased",125000
"F6",-4263,"Diseased",62500
"F7",-3184,"Diseased",31250
"F8",-5101,"Diseased",15625
"F9",-3836,"Diseased",7812.5
"F10",-4663,"Diseased",3906.25
"A1",18510.5,"Healthy",2e+06
"A2",18604.5,"Healthy",1e+06
"A3",10684.5,"Healthy",5e+05
"A4",6612.5,"Healthy",250000
"A5",5183.5,"Healthy",125000
"A6",4039.5,"Healthy",62500
"A7",9948.5,"Healthy",31250
"A8",2624.5,"Healthy",15625
"A9",3493.5,"Healthy",7812.5
"A10",215.5,"Healthy",3906.25
"B1",44000.5,"Healthy",2e+06
"B2",20660.5,"Healthy",1e+06
"B3",18582.5,"Healthy",5e+05
"B4",15358.5,"Healthy",250000
"B5",6012.5,"Healthy",125000
"B6",7466.5,"Healthy",62500
"B7",4231.5,"Healthy",31250
"B8",-152.5,"Healthy",15625
"B9",4356.5,"Healthy",7812.5
"B10",1129.5,"Healthy",3906.25
"C1",42314.5,"Healthy",2e+06
"C2",25235.5,"Healthy",1e+06
"C3",36522.5,"Healthy",5e+05
"C4",5256.5,"Healthy",250000
"C5",2634.5,"Healthy",125000
"C6",8988.5,"Healthy",62500
"C7",4274.5,"Healthy",31250
"C8",1311.5,"Healthy",15625
"C9",1820.5,"Healthy",7812.5
"C10",-419.5,"Healthy",3906.25
"D1",31245.5,"Diseased",2e+06
"D2",9776.5,"Diseased",1e+06
"D3",6111.5,"Diseased",5e+05
"D4",978.5,"Diseased",250000
"D5",-2916.5,"Diseased",125000
"D6",-4267.5,"Diseased",62500
"D7",-5027.5,"Diseased",31250
"D8",-1978.5,"Diseased",15625
"D9",-6798.5,"Diseased",7812.5
"D10",-8454.5,"Diseased",3906.25
"E1",21198.5,"Diseased",2e+06
"E2",20976.5,"Diseased",1e+06
"E3",5202.5,"Diseased",5e+05
"E4",3080.5,"Diseased",250000
"E5",1272.5,"Diseased",125000
"E6",-5063.5,"Diseased",62500
"E7",-5532.5,"Diseased",31250
"E8",-2924.5,"Diseased",15625
"E9",-3448.5,"Diseased",7812.5
"E10",-3466.5,"Diseased",3906.25
"F1",96699.5,"Diseased",2e+06
"F2",24902.5,"Diseased",1e+06
"F3",9803.5,"Diseased",5e+05
"F4",6759.5,"Diseased",250000
"F5",7125.5,"Diseased",125000
"F6",5590.5,"Diseased",62500
"F7",7528.5,"Diseased",31250
"F8",-4317.5,"Diseased",15625
"F9",13795.5,"Diseased",7812.5
"F10",13908.5,"Diseased",3906.25
"A1",30591.6666666667,"Healthy",2e+06
"A2",22078.6666666667,"Healthy",1e+06
"A3",19087.6666666667,"Healthy",5e+05
"A4",13770.6666666667,"Healthy",250000
"A5",8781.66666666667,"Healthy",125000
"A6",4803.66666666667,"Healthy",62500
"A7",3230.66666666667,"Healthy",31250
"A8",3272.66666666667,"Healthy",15625
"A9",3566.66666666667,"Healthy",7812.5
"A10",1473.66666666667,"Healthy",3906.25
"B1",30931.6666666667,"Healthy",2e+06
"B2",24388.6666666667,"Healthy",1e+06
"B3",19514.6666666667,"Healthy",5e+05
"B4",13509.6666666667,"Healthy",250000
"B5",6223.66666666667,"Healthy",125000
"B6",3774.66666666667,"Healthy",62500
"B7",2747.66666666667,"Healthy",31250
"B8",1757.66666666667,"Healthy",15625
"B9",1885.66666666667,"Healthy",7812.5
"B10",1047.66666666667,"Healthy",3906.25
"C1",33113.6666666667,"Healthy",2e+06
"C2",35216.6666666667,"Healthy",1e+06
"C3",27411.6666666667,"Healthy",5e+05
"C4",19209.6666666667,"Healthy",250000
"C5",8462.66666666667,"Healthy",125000
"C6",5995.66666666667,"Healthy",62500
"C7",2582.66666666667,"Healthy",31250
"C8",1847.66666666667,"Healthy",15625
"C9",1698.66666666667,"Healthy",7812.5
"C10",-55.3333333333339,"Healthy",3906.25
"D1",24621.6666666667,"Diseased",2e+06
"D2",16985.6666666667,"Diseased",1e+06
"D3",10281.6666666667,"Diseased",5e+05
"D4",10211.6666666667,"Diseased",250000
"D5",-7113.33333333333,"Diseased",125000
"D6",787.666666666666,"Diseased",62500
"D7",-1530.33333333333,"Diseased",31250
"D8",-2694.33333333333,"Diseased",15625
"D9",-522.333333333334,"Diseased",7812.5
"D10",-1980.33333333333,"Diseased",3906.25
"E1",19652.6666666667,"Diseased",2e+06
"E2",9927.66666666667,"Diseased",1e+06
"E3",8135.66666666667,"Diseased",5e+05
"E4",2017.66666666667,"Diseased",250000
"E5",2555.66666666667,"Diseased",125000
"E6",-1000.33333333333,"Diseased",62500
"E7",-1467.33333333333,"Diseased",31250
"E8",1216.66666666667,"Diseased",15625
"E9",-2453.33333333333,"Diseased",7812.5
"E10",-1756.33333333333,"Diseased",3906.25
"F1",27690.6666666667,"Diseased",2e+06
"F2",18659.6666666667,"Diseased",1e+06
"F3",7882.66666666667,"Diseased",5e+05
"F4",4733.66666666667,"Diseased",250000
"F5",6861.66666666667,"Diseased",125000
"F6",2840.66666666667,"Diseased",62500
"F7",657.666666666666,"Diseased",31250
"F8",231.666666666666,"Diseased",15625
"F9",-957.333333333334,"Diseased",7812.5
"F10",-1000.33333333333,"Diseased",3906.25
"A1",-183.166666666666,"Healthy",2e+06
"A2",71252.8333333333,"Healthy",1e+06
"A3",54468.8333333333,"Healthy",5e+05
"A4",49103.8333333333,"Healthy",250000
"A5",43683.8333333333,"Healthy",125000
"A6",33600.8333333333,"Healthy",62500
"A7",27158.8333333333,"Healthy",31250
"A8",28029.8333333333,"Healthy",15625
"A9",29184.8333333333,"Healthy",7812.5
"A10",29216.8333333333,"Healthy",3906.25
"B1",3892.83333333333,"Healthy",2e+06
"B2",79360.8333333333,"Healthy",1e+06
"B3",62960.8333333333,"Healthy",5e+05
"B4",45140.8333333333,"Healthy",250000
"B5",42122.8333333333,"Healthy",125000
"B6",35703.8333333333,"Healthy",62500
"B7",31688.8333333333,"Healthy",31250
"B8",30288.8333333333,"Healthy",15625
"B9",27784.8333333333,"Healthy",7812.5
"B10",28791.8333333333,"Healthy",3906.25
"C1",620.833333333334,"Healthy",2e+06
"C2",63317.8333333333,"Healthy",1e+06
"C3",52114.8333333333,"Healthy",5e+05
"C4",45437.8333333333,"Healthy",250000
"C5",31449.8333333333,"Healthy",125000
"C6",31346.8333333333,"Healthy",62500
"C7",31004.8333333333,"Healthy",31250
"C8",25037.8333333333,"Healthy",15625
"C9",26548.8333333333,"Healthy",7812.5
"C10",26418.8333333333,"Healthy",3906.25
"D1",-2333.16666666667,"Diseased",2e+06
"D2",60971.8333333333,"Diseased",1e+06
"D3",42352.8333333333,"Diseased",5e+05
"D4",34154.8333333333,"Diseased",250000
"D5",37136.8333333333,"Diseased",125000
"D6",25318.8333333333,"Diseased",62500
"D7",31187.8333333333,"Diseased",31250
"D8",22854.8333333333,"Diseased",15625
"D9",23983.8333333333,"Diseased",7812.5
"D10",22585.8333333333,"Diseased",3906.25
"E1",1668.83333333333,"Diseased",2e+06
"E2",55215.8333333333,"Diseased",1e+06
"E3",39802.8333333333,"Diseased",5e+05
"E4",34049.8333333333,"Diseased",250000
"E5",39625.8333333333,"Diseased",125000
"E6",29946.8333333333,"Diseased",62500
"E7",28636.8333333333,"Diseased",31250
"E8",24546.8333333333,"Diseased",15625
"E9",21956.8333333333,"Diseased",7812.5
"E10",18888.8333333333,"Diseased",3906.25
"F1",-1252.16666666667,"Diseased",2e+06
"F2",46351.8333333333,"Diseased",1e+06
"F3",47545.8333333333,"Diseased",5e+05
"F4",44661.8333333333,"Diseased",250000
"F5",31580.8333333333,"Diseased",125000
"F6",32083.8333333333,"Diseased",62500
"F7",28900.8333333333,"Diseased",31250
"F8",25030.8333333333,"Diseased",15625
"F9",20201.8333333333,"Diseased",7812.5
"F10",28332.8333333333,"Diseased",3906.25
"A1",51820,"Healthy",2e+06
"A2",41629,"Healthy",1e+06
"A3",37186,"Healthy",5e+05
"A4",20623,"Healthy",250000
"A5",10460,"Healthy",125000
"A6",6980,"Healthy",62500
"A7",3062,"Healthy",31250
"A8",291,"Healthy",15625
"A9",810,"Healthy",7812.5
"A10",5859,"Healthy",3906.25
"B1",43456,"Healthy",2e+06
"B2",41367,"Healthy",1e+06
"B3",45203,"Healthy",5e+05
"B4",22691,"Healthy",250000
"B5",13147,"Healthy",125000
"B6",6295,"Healthy",62500
"B7",10170,"Healthy",31250
"B8",2648,"Healthy",15625
"B9",2606,"Healthy",7812.5
"B10",1395,"Healthy",3906.25
"C1",34733,"Healthy",2e+06
"C2",44822,"Healthy",1e+06
"C3",33179,"Healthy",5e+05
"C4",16546,"Healthy",250000
"C5",9952,"Healthy",125000
"C6",5150,"Healthy",62500
"C7",4874,"Healthy",31250
"C8",743,"Healthy",15625
"C9",1074,"Healthy",7812.5
"C10",1674,"Healthy",3906.25
"D1",19872,"Diseased",2e+06
"D2",6651,"Diseased",1e+06
"D3",7278,"Diseased",5e+05
"D4",-78,"Diseased",250000
"D5",-4502,"Diseased",125000
"D6",-2540,"Diseased",62500
"D7",-6300,"Diseased",31250
"D8",-8066,"Diseased",15625
"D9",-6063,"Diseased",7812.5
"D10",-4337,"Diseased",3906.25
"E1",24451,"Diseased",2e+06
"E2",10393,"Diseased",1e+06
"E3",5828,"Diseased",5e+05
"E4",-951,"Diseased",250000
"E5",-3247,"Diseased",125000
"E6",-3177,"Diseased",62500
"E7",-3276,"Diseased",31250
"E8",-7948,"Diseased",15625
"E9",-6982,"Diseased",7812.5
"E10",-5851,"Diseased",3906.25
"F1",29792,"Diseased",2e+06
"F2",13595,"Diseased",1e+06
"F3",5147,"Diseased",5e+05
"F4",272,"Diseased",250000
"F5",596,"Diseased",125000
"F6",8282,"Diseased",62500
"F7",-7025,"Diseased",31250
"F8",-7988,"Diseased",15625
"F9",-8669,"Diseased",7812.5
"F10",-5370,"Diseased",3906.25
"A1",59856.1666666667,"Healthy",2e+06
"A2",84719.1666666667,"Healthy",1e+06
"A3",81556.1666666667,"Healthy",5e+05
"A4",48216.1666666667,"Healthy",250000
"A5",21605.1666666667,"Healthy",125000
"A6",15878.1666666667,"Healthy",62500
"A7",8690.16666666667,"Healthy",31250
"A8",6600.16666666667,"Healthy",15625
"A9",8939.16666666667,"Healthy",7812.5
"A10",2132.16666666667,"Healthy",3906.25
"B1",88586.1666666667,"Healthy",2e+06
"B2",97464.1666666667,"Healthy",1e+06
"B3",182253.166666667,"Healthy",5e+05
"B4",42460.1666666667,"Healthy",250000
"B5",18883.1666666667,"Healthy",125000
"B6",15263.1666666667,"Healthy",62500
"B7",9207.16666666667,"Healthy",31250
"B8",7636.16666666667,"Healthy",15625
"B9",6720.16666666667,"Healthy",7812.5
"B10",2882.16666666667,"Healthy",3906.25
"C1",53930.1666666667,"Healthy",2e+06
"C2",59813.1666666667,"Healthy",1e+06
"C3",82954.1666666667,"Healthy",5e+05
"C4",37696.1666666667,"Healthy",250000
"C5",22499.1666666667,"Healthy",125000
"C6",15086.1666666667,"Healthy",62500
"C7",10059.1666666667,"Healthy",31250
"C8",6415.16666666667,"Healthy",15625
"C9",4028.16666666667,"Healthy",7812.5
"C10",3851.16666666667,"Healthy",3906.25
"D1",42906.1666666667,"Diseased",2e+06
"D2",24047.1666666667,"Diseased",1e+06
"D3",18175.1666666667,"Diseased",5e+05
"D4",25557.1666666667,"Diseased",250000
"D5",12738.1666666667,"Diseased",125000
"D6",8963.16666666667,"Diseased",62500
"D7",5463.16666666667,"Diseased",31250
"D8",-386.833333333332,"Diseased",15625
"D9",-851.833333333332,"Diseased",7812.5
"D10",99.1666666666679,"Diseased",3906.25
"E1",49582.1666666667,"Diseased",2e+06
"E2",25598.1666666667,"Diseased",1e+06
"E3",28346.1666666667,"Diseased",5e+05
"E4",25879.1666666667,"Diseased",250000
"E5",11637.1666666667,"Diseased",125000
"E6",10342.1666666667,"Diseased",62500
"E7",1006.16666666667,"Diseased",31250
"E8",-1686.83333333333,"Diseased",15625
"E9",-898.833333333332,"Diseased",7812.5
"E10",-1742.83333333333,"Diseased",3906.25
"F1",62747.1666666667,"Diseased",2e+06
"F2",25838.1666666667,"Diseased",1e+06
"F3",41285.1666666667,"Diseased",5e+05
"F4",21545.1666666667,"Diseased",250000
"F5",7301.16666666667,"Diseased",125000
"F6",7402.16666666667,"Diseased",62500
"F7",470.166666666668,"Diseased",31250
"F8",-16735.8333333333,"Diseased",15625
"F9",16033.1666666667,"Diseased",7812.5
"F10",-1016.83333333333,"Diseased",3906.25
"A1",91146.4166666667,"Healthy",2e+06
"A2",64094.4166666667,"Healthy",1e+06
"A3",78308.4166666667,"Healthy",5e+05
"A4",68730.4166666667,"Healthy",250000
"A5",49222.4166666667,"Healthy",125000
"A6",22962.4166666667,"Healthy",62500
"A7",18948.4166666667,"Healthy",31250
"A8",11398.4166666667,"Healthy",15625
"A9",7836.41666666667,"Healthy",7812.5
"A10",6567.41666666667,"Healthy",3906.25
"B1",69010.4166666667,"Healthy",2e+06
"B2",50728.4166666667,"Healthy",1e+06
"B3",39238.4166666667,"Healthy",5e+05
"B4",25400.4166666667,"Healthy",250000
"B5",13944.4166666667,"Healthy",125000
"B6",2012.41666666667,"Healthy",62500
"B7",7708.41666666667,"Healthy",31250
"B8",4649.41666666667,"Healthy",15625
"B9",2358.41666666667,"Healthy",7812.5
"B10",2872.41666666667,"Healthy",3906.25
"C1",85503.4166666667,"Healthy",2e+06
"C2",106653.416666667,"Healthy",1e+06
"C3",58891.4166666667,"Healthy",5e+05
"C4",62135.4166666667,"Healthy",250000
"C5",33280.4166666667,"Healthy",125000
"C6",22058.4166666667,"Healthy",62500
"C7",16518.4166666667,"Healthy",31250
"C8",6871.41666666667,"Healthy",15625
"C9",5114.41666666667,"Healthy",7812.5
"C10",2536.41666666667,"Healthy",3906.25
"D1",48058.4166666667,"Diseased",2e+06
"D2",69394.4166666667,"Diseased",1e+06
"D3",21870.4166666667,"Diseased",5e+05
"D4",47011.4166666667,"Diseased",250000
"D5",6084.41666666667,"Diseased",125000
"D6",7028.41666666667,"Diseased",62500
"D7",-3521.58333333333,"Diseased",31250
"D8",-3863.58333333333,"Diseased",15625
"D9",-491.583333333332,"Diseased",7812.5
"D10",-3312.58333333333,"Diseased",3906.25
"E1",67447.4166666667,"Diseased",2e+06
"E2",83463.4166666667,"Diseased",1e+06
"E3",25371.4166666667,"Diseased",5e+05
"E4",41692.4166666667,"Diseased",250000
"E5",35690.4166666667,"Diseased",125000
"E6",31432.4166666667,"Diseased",62500
"E7",17359.4166666667,"Diseased",31250
"E8",1383.41666666667,"Diseased",15625
"E9",5339.41666666667,"Diseased",7812.5
"E10",-3251.58333333333,"Diseased",3906.25
"F1",63506.4166666667,"Diseased",2e+06
"F2",39317.4166666667,"Diseased",1e+06
"F3",20847.4166666667,"Diseased",5e+05
"F4",21112.4166666667,"Diseased",250000
"F5",11620.4166666667,"Diseased",125000
"F6",12849.4166666667,"Diseased",62500
"F7",5276.41666666667,"Diseased",31250
"F8",-1348.58333333333,"Diseased",15625
"F9",1168.41666666667,"Diseased",7812.5
"F10",-4346.58333333333,"Diseased",3906.25
"A1",64352.6666666667,"Healthy",2e+06
"A2",80213.6666666667,"Healthy",1e+06
"A3",99201.6666666667,"Healthy",5e+05
"A4",67552.6666666667,"Healthy",250000
"A5",42526.6666666667,"Healthy",125000
"A6",34740.6666666667,"Healthy",62500
"A7",18605.6666666667,"Healthy",31250
"A8",17196.6666666667,"Healthy",15625
"A9",13539.6666666667,"Healthy",7812.5
"A10",12073.6666666667,"Healthy",3906.25
"B1",57596.6666666667,"Healthy",2e+06
"B2",57851.6666666667,"Healthy",1e+06
"B3",61496.6666666667,"Healthy",5e+05
"B4",41724.6666666667,"Healthy",250000
"B5",24378.6666666667,"Healthy",125000
"B6",18727.6666666667,"Healthy",62500
"B7",13097.6666666667,"Healthy",31250
"B8",10396.6666666667,"Healthy",15625
"B9",9517.66666666667,"Healthy",7812.5
"B10",12071.6666666667,"Healthy",3906.25
"C1",88896.6666666667,"Healthy",2e+06
"C2",59275.6666666667,"Healthy",1e+06
"C3",99944.6666666667,"Healthy",5e+05
"C4",60980.6666666667,"Healthy",250000
"C5",51508.6666666667,"Healthy",125000
"C6",39239.6666666667,"Healthy",62500
"C7",22884.6666666667,"Healthy",31250
"C8",17432.6666666667,"Healthy",15625
"C9",12160.6666666667,"Healthy",7812.5
"C10",13560.6666666667,"Healthy",3906.25
"D1",64527.6666666667,"Diseased",2e+06
"D2",35776.6666666667,"Diseased",1e+06
"D3",40159.6666666667,"Diseased",5e+05
"D4",24145.6666666667,"Diseased",250000
"D5",20534.6666666667,"Diseased",125000
"D6",17366.6666666667,"Diseased",62500
"D7",11503.6666666667,"Diseased",31250
"D8",7455.66666666667,"Diseased",15625
"D9",8861.66666666667,"Diseased",7812.5
"D10",5894.66666666667,"Diseased",3906.25
"E1",52042.6666666667,"Diseased",2e+06
"E2",25842.6666666667,"Diseased",1e+06
"E3",33674.6666666667,"Diseased",5e+05
"E4",29066.6666666667,"Diseased",250000
"E5",24919.6666666667,"Diseased",125000
"E6",10074.6666666667,"Diseased",62500
"E7",9013.66666666667,"Diseased",31250
"E8",7533.66666666667,"Diseased",15625
"E9",3641.66666666667,"Diseased",7812.5
"E10",7209.66666666667,"Diseased",3906.25
"F1",63962.6666666667,"Diseased",2e+06
"F2",32745.6666666667,"Diseased",1e+06
"F3",46784.6666666667,"Diseased",5e+05
"F4",32027.6666666667,"Diseased",250000
"F5",25673.6666666667,"Diseased",125000
"F6",9627.66666666667,"Diseased",62500
"F7",5029.66666666667,"Diseased",31250
"F8",7343.66666666667,"Diseased",15625
"F9",2894.66666666667,"Diseased",7812.5
"F10",6831.66666666667,"Diseased",3906.25
"A1",81703.5,"Healthy",2e+06
"A2",75806.5,"Healthy",1e+06
"A3",84521.5,"Healthy",5e+05
"A4",58618.5,"Healthy",250000
"A5",36254.5,"Healthy",125000
"A6",24165.5,"Healthy",62500
"A7",18115.5,"Healthy",31250
"A8",15467.5,"Healthy",15625
"A9",36722.5,"Healthy",7812.5
"A10",12291.5,"Healthy",3906.25
"B1",89064.5,"Healthy",2e+06
"B2",87395.5,"Healthy",1e+06
"B3",82178.5,"Healthy",5e+05
"B4",49946.5,"Healthy",250000
"B5",31946.5,"Healthy",125000
"B6",23304.5,"Healthy",62500
"B7",17660.5,"Healthy",31250
"B8",16038.5,"Healthy",15625
"B9",12596.5,"Healthy",7812.5
"B10",11425.5,"Healthy",3906.25
"C1",85975.5,"Healthy",2e+06
"C2",72558.5,"Healthy",1e+06
"C3",67622.5,"Healthy",5e+05
"C4",51601.5,"Healthy",250000
"C5",29934.5,"Healthy",125000
"C6",21739.5,"Healthy",62500
"C7",16587.5,"Healthy",31250
"C8",12155.5,"Healthy",15625
"C9",11501.5,"Healthy",7812.5
"C10",10998.5,"Healthy",3906.25
"D1",55556.5,"Diseased",2e+06
"D2",46647.5,"Diseased",1e+06
"D3",47362.5,"Diseased",5e+05
"D4",28345.5,"Diseased",250000
"D5",14474.5,"Diseased",125000
"D6",14707.5,"Diseased",62500
"D7",10986.5,"Diseased",31250
"D8",3270.5,"Diseased",15625
"D9",4975.5,"Diseased",7812.5
"D10",5504.5,"Diseased",3906.25
"E1",54905.5,"Diseased",2e+06
"E2",57646.5,"Diseased",1e+06
"E3",36441.5,"Diseased",5e+05
"E4",28870.5,"Diseased",250000
"E5",20002.5,"Diseased",125000
"E6",8878.5,"Diseased",62500
"E7",7965.5,"Diseased",31250
"E8",10778.5,"Diseased",15625
"E9",6037.5,"Diseased",7812.5
"E10",4511.5,"Diseased",3906.25
"F1",72490.5,"Diseased",2e+06
"F2",45880.5,"Diseased",1e+06
"F3",38136.5,"Diseased",5e+05
"F4",29985.5,"Diseased",250000
"F5",12073.5,"Diseased",125000
"F6",15471.5,"Diseased",62500
"F7",9244.5,"Diseased",31250
"F8",4915.5,"Diseased",15625
"F9",8976.5,"Diseased",7812.5
"F10",2295.5,"Diseased",3906.25
"A1",60857.0833333333,"Healthy",2e+06
"A2",50666.0833333333,"Healthy",1e+06
"A3",46223.0833333333,"Healthy",5e+05
"A4",29660.0833333333,"Healthy",250000
"A5",19497.0833333333,"Healthy",125000
"A6",16017.0833333333,"Healthy",62500
"A7",12099.0833333333,"Healthy",31250
"A8",9328.08333333333,"Healthy",15625
"A9",9847.08333333333,"Healthy",7812.5
"A10",14896.0833333333,"Healthy",3906.25
"B1",52493.0833333333,"Healthy",2e+06
"B2",50404.0833333333,"Healthy",1e+06
"B3",54240.0833333333,"Healthy",5e+05
"B4",31728.0833333333,"Healthy",250000
"B5",22184.0833333333,"Healthy",125000
"B6",15332.0833333333,"Healthy",62500
"B7",19207.0833333333,"Healthy",31250
"B8",11685.0833333333,"Healthy",15625
"B9",11643.0833333333,"Healthy",7812.5
"B10",10432.0833333333,"Healthy",3906.25
"C1",43770.0833333333,"Healthy",2e+06
"C2",53859.0833333333,"Healthy",1e+06
"C3",42216.0833333333,"Healthy",5e+05
"C4",25583.0833333333,"Healthy",250000
"C5",18989.0833333333,"Healthy",125000
"C6",14187.0833333333,"Healthy",62500
"C7",13911.0833333333,"Healthy",31250
"C8",9780.08333333333,"Healthy",15625
"C9",10111.0833333333,"Healthy",7812.5
"C10",10711.0833333333,"Healthy",3906.25
"D1",25267.0833333333,"Diseased",2e+06
"D2",16258.0833333333,"Diseased",1e+06
"D3",16773.0833333333,"Diseased",5e+05
"D4",8114.08333333333,"Diseased",250000
"D5",6627.08333333333,"Diseased",125000
"D6",6712.08333333333,"Diseased",62500
"D7",5977.08333333333,"Diseased",31250
"D8",4649.08333333333,"Diseased",15625
"D9",4061.08333333333,"Diseased",7812.5
"D10",1957.08333333333,"Diseased",3906.25
"E1",36480.0833333333,"Diseased",2e+06
"E2",16585.0833333333,"Diseased",1e+06
"E3",9900.08333333333,"Diseased",5e+05
"E4",4610.08333333333,"Diseased",250000
"E5",3828.08333333333,"Diseased",125000
"E6",3008.08333333333,"Diseased",62500
"E7",5569.08333333333,"Diseased",31250
"E8",31.0833333333321,"Diseased",15625
"E9",2131.08333333333,"Diseased",7812.5
"E10",856.083333333332,"Diseased",3906.25
"F1",36797.0833333333,"Diseased",2e+06
"F2",17547.0833333333,"Diseased",1e+06
"F3",18486.0833333333,"Diseased",5e+05
"F4",7222.08333333333,"Diseased",250000
"F5",8949.08333333333,"Diseased",125000
"F6",21700.0833333333,"Diseased",62500
"F7",1136.08333333333,"Diseased",31250
"F8",5857.08333333333,"Diseased",15625
"F9",-1266.91666666667,"Diseased",7812.5
"F10",1480.08333333333,"Diseased",3906.25
"A1",59463.9166666667,"Healthy",2e+06
"A2",35257.9166666667,"Healthy",1e+06
"A3",27812.9166666667,"Healthy",5e+05
"A4",21271.9166666667,"Healthy",250000
"A5",11942.9166666667,"Healthy",125000
"A6",7976.91666666667,"Healthy",62500
"A7",6595.91666666667,"Healthy",31250
"A8",5609.91666666667,"Healthy",15625
"A9",6107.91666666667,"Healthy",7812.5
"A10",5496.91666666667,"Healthy",3906.25
"B1",76526.9166666667,"Healthy",2e+06
"B2",78912.9166666667,"Healthy",1e+06
"B3",87387.9166666667,"Healthy",5e+05
"B4",63139.9166666667,"Healthy",250000
"B5",42538.9166666667,"Healthy",125000
"B6",33703.9166666667,"Healthy",62500
"B7",24327.9166666667,"Healthy",31250
"B8",16175.9166666667,"Healthy",15625
"B9",11320.9166666667,"Healthy",7812.5
"B10",8851.91666666667,"Healthy",3906.25
"C1",85336.9166666667,"Healthy",2e+06
"C2",75471.9166666667,"Healthy",1e+06
"C3",82670.9166666667,"Healthy",5e+05
"C4",61112.9166666667,"Healthy",250000
"C5",43135.9166666667,"Healthy",125000
"C6",29994.9166666667,"Healthy",62500
"C7",21409.9166666667,"Healthy",31250
"C8",11708.9166666667,"Healthy",15625
"C9",7807.91666666667,"Healthy",7812.5
"C10",7875.91666666667,"Healthy",3906.25
"D1",27269.9166666667,"Diseased",2e+06
"D2",31587.9166666667,"Diseased",1e+06
"D3",26936.9166666667,"Diseased",5e+05
"D4",12269.9166666667,"Diseased",250000
"D5",9918.91666666667,"Diseased",125000
"D6",11630.9166666667,"Diseased",62500
"D7",1711.91666666667,"Diseased",31250
"D8",-1984.08333333333,"Diseased",15625
"D9",-2665.08333333333,"Diseased",7812.5
"D10",1046.91666666667,"Diseased",3906.25
"E1",56094.9166666667,"Diseased",2e+06
"E2",32007.9166666667,"Diseased",1e+06
"E3",21075.9166666667,"Diseased",5e+05
"E4",12738.9166666667,"Diseased",250000
"E5",16584.9166666667,"Diseased",125000
"E6",3048.91666666667,"Diseased",62500
"E7",-631.083333333332,"Diseased",31250
"E8",-2088.08333333333,"Diseased",15625
"E9",-2623.08333333333,"Diseased",7812.5
"E10",-527.083333333332,"Diseased",3906.25
"F1",48824.9166666667,"Diseased",2e+06
"F2",44869.9166666667,"Diseased",1e+06
"F3",30731.9166666667,"Diseased",5e+05
"F4",37215.9166666667,"Diseased",250000
"F5",19617.9166666667,"Diseased",125000
"F6",20724.9166666667,"Diseased",62500
"F7",10869.9166666667,"Diseased",31250
"F8",1268.91666666667,"Diseased",15625
"F9",-625.083333333332,"Diseased",7812.5
"F10",-6990.08333333333,"Diseased",3906.25
"A1",26107.3333333333,"Healthy",2e+06
"A2",17415.3333333333,"Healthy",1e+06
"A3",11331.3333333333,"Healthy",5e+05
"A4",6209.33333333333,"Healthy",250000
"A5",5646.33333333333,"Healthy",125000
"A6",3762.33333333333,"Healthy",62500
"A7",2744.33333333333,"Healthy",31250
"A8",2273.33333333333,"Healthy",15625
"A9",3136.33333333333,"Healthy",7812.5
"A10",2246.33333333333,"Healthy",3906.25
"B1",30144.3333333333,"Healthy",2e+06
"B2",25435.3333333333,"Healthy",1e+06
"B3",19387.3333333333,"Healthy",5e+05
"B4",14263.3333333333,"Healthy",250000
"B5",6606.33333333333,"Healthy",125000
"B6",4303.33333333333,"Healthy",62500
"B7",3244.33333333333,"Healthy",31250
"B8",2365.33333333333,"Healthy",15625
"B9",2349.33333333333,"Healthy",7812.5
"B10",1896.33333333333,"Healthy",3906.25
"C1",36518.3333333333,"Healthy",2e+06
"C2",26291.3333333333,"Healthy",1e+06
"C3",22175.3333333333,"Healthy",5e+05
"C4",15298.3333333333,"Healthy",250000
"C5",4077.33333333333,"Healthy",125000
"C6",4205.33333333333,"Healthy",62500
"C7",3334.33333333333,"Healthy",31250
"C8",2208.33333333333,"Healthy",15625
"C9",2164.33333333333,"Healthy",7812.5
"C10",1857.33333333333,"Healthy",3906.25
"D1",17114.3333333333,"Diseased",2e+06
"D2",7904.33333333333,"Diseased",1e+06
"D3",8125.33333333333,"Diseased",5e+05
"D4",1572.33333333333,"Diseased",250000
"D5",359.333333333334,"Diseased",125000
"D6",632.333333333334,"Diseased",62500
"D7",262.333333333334,"Diseased",31250
"D8",-1362.66666666667,"Diseased",15625
"D9",-693.666666666666,"Diseased",7812.5
"D10",-1793.66666666667,"Diseased",3906.25
"E1",22393.3333333333,"Diseased",2e+06
"E2",5989.33333333333,"Diseased",1e+06
"E3",7209.33333333333,"Diseased",5e+05
"E4",1556.33333333333,"Diseased",250000
"E5",-818.666666666666,"Diseased",125000
"E6",-1497.66666666667,"Diseased",62500
"E7",-1359.66666666667,"Diseased",31250
"E8",-1923.66666666667,"Diseased",15625
"E9",-1112.66666666667,"Diseased",7812.5
"E10",-2487.66666666667,"Diseased",3906.25
"F1",18138.3333333333,"Diseased",2e+06
"F2",9612.33333333333,"Diseased",1e+06
"F3",4480.33333333333,"Diseased",5e+05
"F4",4726.33333333333,"Diseased",250000
"F5",1194.33333333333,"Diseased",125000
"F6",-702.666666666666,"Diseased",62500
"F7",1257.33333333333,"Diseased",31250
"F8",-2576.66666666667,"Diseased",15625
"F9",-2155.66666666667,"Diseased",7812.5
"F10",-2411.66666666667,"Diseased",3906.25
"A1",11347.5,"Healthy",2e+06
"A2",4958.5,"Healthy",1e+06
"A3",1683.5,"Healthy",5e+05
"A4",-3706.5,"Healthy",250000
"A5",-3406.5,"Healthy",125000
"A6",-6499.5,"Healthy",62500
"A7",-8853.5,"Healthy",31250
"A8",-8365.5,"Healthy",15625
"A9",-8957.5,"Healthy",7812.5
"A10",-10700.5,"Healthy",3906.25
"B1",22893.5,"Healthy",2e+06
"B2",3577.5,"Healthy",1e+06
"B3",-1675.5,"Healthy",5e+05
"B4",-4100.5,"Healthy",250000
"B5",-5493.5,"Healthy",125000
"B6",-6370.5,"Healthy",62500
"B7",-7546.5,"Healthy",31250
"B8",-10322.5,"Healthy",15625
"B9",-306.5,"Healthy",7812.5
"B10",-7874.5,"Healthy",3906.25
"C1",17841.5,"Healthy",2e+06
"C2",15388.5,"Healthy",1e+06
"C3",11165.5,"Healthy",5e+05
"C4",5860.5,"Healthy",250000
"C5",-905.5,"Healthy",125000
"C6",-6593.5,"Healthy",62500
"C7",-7582.5,"Healthy",31250
"C8",5533.5,"Healthy",15625
"C9",291.5,"Healthy",7812.5
"C10",1973.5,"Healthy",3906.25
"D1",10769.5,"Diseased",2e+06
"D2",12439.5,"Diseased",1e+06
"D3",8208.5,"Diseased",5e+05
"D4",7988.5,"Diseased",250000
"D5",-1959.5,"Diseased",125000
"D6",12019.5,"Diseased",62500
"D7",-2954.5,"Diseased",31250
"D8",-4132.5,"Diseased",15625
"D9",-4428.5,"Diseased",7812.5
"D10",-1319.5,"Diseased",3906.25
"E1",14977.5,"Diseased",2e+06
"E2",71742.5,"Diseased",1e+06
"E3",72403.5,"Diseased",5e+05
"E4",9832.5,"Diseased",250000
"E5",4737.5,"Diseased",125000
"E6",12938.5,"Diseased",62500
"E7",8107.5,"Diseased",31250
"E8",-1482.5,"Diseased",15625
"E9",-5550.5,"Diseased",7812.5
"E10",-8288.5,"Diseased",3906.25
"F1",15840.5,"Diseased",2e+06
"F2",9357.5,"Diseased",1e+06
"F3",9481.5,"Diseased",5e+05
"F4",3911.5,"Diseased",250000
"F5",216.5,"Diseased",125000
"F6",-3426.5,"Diseased",62500
"F7",-3934.5,"Diseased",31250
"F8",-6090.5,"Diseased",15625
"F9",-5864.5,"Diseased",7812.5
"F10",-6008.5,"Diseased",3906.25
"A1",62133.9166666667,"Healthy",2e+06
"A2",45281.9166666667,"Healthy",1e+06
"A3",107348.916666667,"Healthy",5e+05
"A4",64985.9166666667,"Healthy",250000
"A5",100651.916666667,"Healthy",125000
"A6",30360.9166666667,"Healthy",62500
"A7",22833.9166666667,"Healthy",31250
"A8",19658.9166666667,"Healthy",15625
"A9",16741.9166666667,"Healthy",7812.5
"A10",14970.9166666667,"Healthy",3906.25
"B1",61809.9166666667,"Healthy",2e+06
"B2",60619.9166666667,"Healthy",1e+06
"B3",78030.9166666667,"Healthy",5e+05
"B4",68821.9166666667,"Healthy",250000
"B5",34285.9166666667,"Healthy",125000
"B6",23456.9166666667,"Healthy",62500
"B7",19969.9166666667,"Healthy",31250
"B8",14905.9166666667,"Healthy",15625
"B9",12406.9166666667,"Healthy",7812.5
"B10",10922.9166666667,"Healthy",3906.25
"C1",60013.9166666667,"Healthy",2e+06
"C2",59046.9166666667,"Healthy",1e+06
"C3",59033.9166666667,"Healthy",5e+05
"C4",210131.916666667,"Healthy",250000
"C5",31297.9166666667,"Healthy",125000
"C6",23346.9166666667,"Healthy",62500
"C7",18417.9166666667,"Healthy",31250
"C8",13556.9166666667,"Healthy",15625
"C9",10556.9166666667,"Healthy",7812.5
"C10",11037.9166666667,"Healthy",3906.25
"D1",52485.9166666667,"Diseased",2e+06
"D2",33887.9166666667,"Diseased",1e+06
"D3",28712.9166666667,"Diseased",5e+05
"D4",27534.9166666667,"Diseased",250000
"D5",9211.91666666667,"Diseased",125000
"D6",15074.9166666667,"Diseased",62500
"D7",4696.91666666667,"Diseased",31250
"D8",6658.91666666667,"Diseased",15625
"D9",576.916666666668,"Diseased",7812.5
"D10",5489.91666666667,"Diseased",3906.25
"E1",43576.9166666667,"Diseased",2e+06
"E2",44267.9166666667,"Diseased",1e+06
"E3",37185.9166666667,"Diseased",5e+05
"E4",24903.9166666667,"Diseased",250000
"E5",18240.9166666667,"Diseased",125000
"E6",5810.91666666667,"Diseased",62500
"E7",10128.9166666667,"Diseased",31250
"E8",5677.91666666667,"Diseased",15625
"E9",4114.91666666667,"Diseased",7812.5
"E10",7148.91666666667,"Diseased",3906.25
"F1",45885.9166666667,"Diseased",2e+06
"F2",36514.9166666667,"Diseased",1e+06
"F3",36693.9166666667,"Diseased",5e+05
"F4",93269.9166666667,"Diseased",250000
"F5",15878.9166666667,"Diseased",125000
"F6",17373.9166666667,"Diseased",62500
"F7",8499.91666666667,"Diseased",31250
"F8",9150.91666666667,"Diseased",15625
"F9",8720.91666666667,"Diseased",7812.5
"F10",8267.91666666667,"Diseased",3906.25
"A1",119838.083333333,"Healthy",2e+06
"A2",121546.083333333,"Healthy",1e+06
"A3",75599.0833333333,"Healthy",5e+05
"A4",61286.0833333333,"Healthy",250000
"A5",41570.0833333333,"Healthy",125000
"A6",34214.0833333333,"Healthy",62500
"A7",27289.0833333333,"Healthy",31250
"A8",24981.0833333333,"Healthy",15625
"A9",24750.0833333333,"Healthy",7812.5
"A10",20570.0833333333,"Healthy",3906.25
"B1",165694.083333333,"Healthy",2e+06
"B2",103573.083333333,"Healthy",1e+06
"B3",85992.0833333333,"Healthy",5e+05
"B4",56563.0833333333,"Healthy",250000
"B5",41566.0833333333,"Healthy",125000
"B6",33839.0833333333,"Healthy",62500
"B7",27305.0833333333,"Healthy",31250
"B8",24057.0833333333,"Healthy",15625
"B9",21789.0833333333,"Healthy",7812.5
"B10",22152.0833333333,"Healthy",3906.25
"C1",103833.083333333,"Healthy",2e+06
"C2",99922.0833333333,"Healthy",1e+06
"C3",78706.0833333333,"Healthy",5e+05
"C4",56240.0833333333,"Healthy",250000
"C5",41435.0833333333,"Healthy",125000
"C6",30646.0833333333,"Healthy",62500
"C7",27935.0833333333,"Healthy",31250
"C8",23294.0833333333,"Healthy",15625
"C9",21048.0833333333,"Healthy",7812.5
"C10",21148.0833333333,"Healthy",3906.25
"D1",119680.083333333,"Diseased",2e+06
"D2",96374.0833333333,"Diseased",1e+06
"D3",51559.0833333333,"Diseased",5e+05
"D4",40477.0833333333,"Diseased",250000
"D5",30448.0833333333,"Diseased",125000
"D6",21329.0833333333,"Diseased",62500
"D7",19889.0833333333,"Diseased",31250
"D8",14407.0833333333,"Diseased",15625
"D9",14689.0833333333,"Diseased",7812.5
"D10",13984.0833333333,"Diseased",3906.25
"E1",108878.083333333,"Diseased",2e+06
"E2",74602.0833333333,"Diseased",1e+06
"E3",51686.0833333333,"Diseased",5e+05
"E4",34790.0833333333,"Diseased",250000
"E5",24013.0833333333,"Diseased",125000
"E6",24416.0833333333,"Diseased",62500
"E7",20336.0833333333,"Diseased",31250
"E8",13326.0833333333,"Diseased",15625
"E9",15798.0833333333,"Diseased",7812.5
"E10",11477.0833333333,"Diseased",3906.25
"F1",141477.083333333,"Diseased",2e+06
"F2",67350.0833333333,"Diseased",1e+06
"F3",60724.0833333333,"Diseased",5e+05
"F4",33516.0833333333,"Diseased",250000
"F5",28228.0833333333,"Diseased",125000
"F6",20682.0833333333,"Diseased",62500
"F7",23273.0833333333,"Diseased",31250
"F8",20457.0833333333,"Diseased",15625
"F9",19466.0833333333,"Diseased",7812.5
"F10",15786.0833333333,"Diseased",3906.25
"A1",46614.0833333333,"Healthy",2e+06
"A2",44902.0833333333,"Healthy",1e+06
"A3",40251.0833333333,"Healthy",5e+05
"A4",26917.0833333333,"Healthy",250000
"A5",17337.0833333333,"Healthy",125000
"A6",10315.0833333333,"Healthy",62500
"A7",5629.08333333333,"Healthy",31250
"A8",5660.08333333333,"Healthy",15625
"A9",3608.08333333333,"Healthy",7812.5
"A10",1400.08333333333,"Healthy",3906.25
"B1",71907.0833333333,"Healthy",2e+06
"B2",43932.0833333333,"Healthy",1e+06
"B3",31295.0833333333,"Healthy",5e+05
"B4",23417.0833333333,"Healthy",250000
"B5",13772.0833333333,"Healthy",125000
"B6",10996.0833333333,"Healthy",62500
"B7",6589.08333333333,"Healthy",31250
"B8",3002.08333333333,"Healthy",15625
"B9",1948.08333333333,"Healthy",7812.5
"B10",1872.08333333333,"Healthy",3906.25
"C1",47176.0833333333,"Healthy",2e+06
"C2",38912.0833333333,"Healthy",1e+06
"C3",32296.0833333333,"Healthy",5e+05
"C4",27029.0833333333,"Healthy",250000
"C5",11144.0833333333,"Healthy",125000
"C6",8052.08333333333,"Healthy",62500
"C7",5632.08333333333,"Healthy",31250
"C8",2528.08333333333,"Healthy",15625
"C9",1670.08333333333,"Healthy",7812.5
"C10",1344.08333333333,"Healthy",3906.25
"D1",56473.0833333333,"Diseased",2e+06
"D2",32939.0833333333,"Diseased",1e+06
"D3",27571.0833333333,"Diseased",5e+05
"D4",16536.0833333333,"Diseased",250000
"D5",6433.08333333333,"Diseased",125000
"D6",-923.916666666666,"Diseased",62500
"D7",251.083333333334,"Diseased",31250
"D8",-2232.91666666667,"Diseased",15625
"D9",-12161.9166666667,"Diseased",7812.5
"D10",-529.916666666666,"Diseased",3906.25
"E1",61266.0833333333,"Diseased",2e+06
"E2",43120.0833333333,"Diseased",1e+06
"E3",28859.0833333333,"Diseased",5e+05
"E4",11838.0833333333,"Diseased",250000
"E5",6124.08333333333,"Diseased",125000
"E6",1917.08333333333,"Diseased",62500
"E7",8.08333333333394,"Diseased",31250
"E8",-1436.91666666667,"Diseased",15625
"E9",-11994.9166666667,"Diseased",7812.5
"E10",6399.08333333333,"Diseased",3906.25
"F1",39029.0833333333,"Diseased",2e+06
"F2",33049.0833333333,"Diseased",1e+06
"F3",23317.0833333333,"Diseased",5e+05
"F4",11253.0833333333,"Diseased",250000
"F5",6458.08333333333,"Diseased",125000
"F6",1030.08333333333,"Diseased",62500
"F7",1449.08333333333,"Diseased",31250
"F8",-1218.91666666667,"Diseased",15625
"F9",-11888.9166666667,"Diseased",7812.5
"F10",-1233.91666666667,"Diseased",3906.25
"A1",78136.75,"Healthy",2e+06
"A2",41966.75,"Healthy",1e+06
"A3",31030.75,"Healthy",5e+05
"A4",25670.75,"Healthy",250000
"A5",14868.75,"Healthy",125000
"A6",13391.75,"Healthy",62500
"A7",9168.75,"Healthy",31250
"A8",10346.75,"Healthy",15625
"A9",7965.75,"Healthy",7812.5
"A10",7181.75,"Healthy",3906.25
"B1",70325.75,"Healthy",2e+06
"B2",39970.75,"Healthy",1e+06
"B3",29754.75,"Healthy",5e+05
"B4",21749.75,"Healthy",250000
"B5",12526.75,"Healthy",125000
"B6",10698.75,"Healthy",62500
"B7",8550.75,"Healthy",31250
"B8",8716.75,"Healthy",15625
"B9",6491.75,"Healthy",7812.5
"B10",6872.75,"Healthy",3906.25
"C1",45783.75,"Healthy",2e+06
"C2",41872.75,"Healthy",1e+06
"C3",27342.75,"Healthy",5e+05
"C4",19976.75,"Healthy",250000
"C5",12766.75,"Healthy",125000
"C6",9674.75,"Healthy",62500
"C7",8386.75,"Healthy",31250
"C8",6926.75,"Healthy",15625
"C9",7300.75,"Healthy",7812.5
"C10",7007.75,"Healthy",3906.25
"D1",37121.75,"Diseased",2e+06
"D2",26269.75,"Diseased",1e+06
"D3",24098.75,"Diseased",5e+05
"D4",16556.75,"Diseased",250000
"D5",8611.75,"Diseased",125000
"D6",5718.75,"Diseased",62500
"D7",3992.75,"Diseased",31250
"D8",4841.75,"Diseased",15625
"D9",2167.75,"Diseased",7812.5
"D10",2879.75,"Diseased",3906.25
"E1",37240.75,"Diseased",2e+06
"E2",26902.75,"Diseased",1e+06
"E3",22749.75,"Diseased",5e+05
"E4",11576.75,"Diseased",250000
"E5",8653.75,"Diseased",125000
"E6",4569.75,"Diseased",62500
"E7",5106.75,"Diseased",31250
"E8",2538.75,"Diseased",15625
"E9",5449.75,"Diseased",7812.5
"E10",2406.75,"Diseased",3906.25
"F1",36722.75,"Diseased",2e+06
"F2",32267.75,"Diseased",1e+06
"F3",-4288.25,"Diseased",5e+05
"F4",17367.75,"Diseased",250000
"F5",8050.75,"Diseased",125000
"F6",6646.75,"Diseased",62500
"F7",5869.75,"Diseased",31250
"F8",6072.75,"Diseased",15625
"F9",4828.75,"Diseased",7812.5
"F10",5783.75,"Diseased",3906.25
"A1",85853.4166666667,"Healthy",2e+06
"A2",104243.416666667,"Healthy",1e+06
"A3",79715.4166666667,"Healthy",5e+05
"A4",57407.4166666667,"Healthy",250000
"A5",38147.4166666667,"Healthy",125000
"A6",30151.4166666667,"Healthy",62500
"A7",23155.4166666667,"Healthy",31250
"A8",20367.4166666667,"Healthy",15625
"A9",18483.4166666667,"Healthy",7812.5
"A10",17563.4166666667,"Healthy",3906.25
"B1",118972.416666667,"Healthy",2e+06
"B2",111237.416666667,"Healthy",1e+06
"B3",69638.4166666667,"Healthy",5e+05
"B4",63567.4166666667,"Healthy",250000
"B5",39339.4166666667,"Healthy",125000
"B6",34286.4166666667,"Healthy",62500
"B7",27020.4166666667,"Healthy",31250
"B8",22596.4166666667,"Healthy",15625
"B9",20986.4166666667,"Healthy",7812.5
"B10",18638.4166666667,"Healthy",3906.25
"C1",105465.416666667,"Healthy",2e+06
"C2",95397.4166666667,"Healthy",1e+06
"C3",65431.4166666667,"Healthy",5e+05
"C4",61970.4166666667,"Healthy",250000
"C5",37859.4166666667,"Healthy",125000
"C6",32670.4166666667,"Healthy",62500
"C7",25189.4166666667,"Healthy",31250
"C8",22036.4166666667,"Healthy",15625
"C9",19975.4166666667,"Healthy",7812.5
"C10",19698.4166666667,"Healthy",3906.25
"D1",96098.4166666667,"Diseased",2e+06
"D2",90045.4166666667,"Diseased",1e+06
"D3",47751.4166666667,"Diseased",5e+05
"D4",36867.4166666667,"Diseased",250000
"D5",31484.4166666667,"Diseased",125000
"D6",19770.4166666667,"Diseased",62500
"D7",15769.4166666667,"Diseased",31250
"D8",12862.4166666667,"Diseased",15625
"D9",12468.4166666667,"Diseased",7812.5
"D10",10188.4166666667,"Diseased",3906.25
"E1",89220.4166666667,"Diseased",2e+06
"E2",51890.4166666667,"Diseased",1e+06
"E3",57916.4166666667,"Diseased",5e+05
"E4",33625.4166666667,"Diseased",250000
"E5",27448.4166666667,"Diseased",125000
"E6",24989.4166666667,"Diseased",62500
"E7",20642.4166666667,"Diseased",31250
"E8",18995.4166666667,"Diseased",15625
"E9",16859.4166666667,"Diseased",7812.5
"E10",12927.4166666667,"Diseased",3906.25
"F1",76264.4166666667,"Diseased",2e+06
"F2",77343.4166666667,"Diseased",1e+06
"F3",60770.4166666667,"Diseased",5e+05
"F4",41173.4166666667,"Diseased",250000
"F5",26233.4166666667,"Diseased",125000
"F6",25406.4166666667,"Diseased",62500
"F7",15822.4166666667,"Diseased",31250
"F8",15518.4166666667,"Diseased",15625
"F9",9034.41666666667,"Diseased",7812.5
"F10",14242.4166666667,"Diseased",3906.25
"A1",32082.6666666667,"Healthy",2e+06
"A2",21072.6666666667,"Healthy",1e+06
"A3",12109.6666666667,"Healthy",5e+05
"A4",8629.66666666667,"Healthy",250000
"A5",4240.66666666667,"Healthy",125000
"A6",3639.66666666667,"Healthy",62500
"A7",1313.66666666667,"Healthy",31250
"A8",1337.66666666667,"Healthy",15625
"A9",796.666666666666,"Healthy",7812.5
"A10",-216.333333333334,"Healthy",3906.25
"B1",34041.6666666667,"Healthy",2e+06
"B2",14702.6666666667,"Healthy",1e+06
"B3",23241.6666666667,"Healthy",5e+05
"B4",-9082.33333333333,"Healthy",250000
"B5",16299.6666666667,"Healthy",125000
"B6",1965.66666666667,"Healthy",62500
"B7",2616.66666666667,"Healthy",31250
"B8",888.666666666666,"Healthy",15625
"B9",469.666666666666,"Healthy",7812.5
"B10",958.666666666666,"Healthy",3906.25
"C1",40077.6666666667,"Healthy",2e+06
"C2",16247.6666666667,"Healthy",1e+06
"C3",44279.6666666667,"Healthy",5e+05
"C4",-8888.33333333333,"Healthy",250000
"C5",3813.66666666667,"Healthy",125000
"C6",2179.66666666667,"Healthy",62500
"C7",1550.66666666667,"Healthy",31250
"C8",567.666666666666,"Healthy",15625
"C9",1178.66666666667,"Healthy",7812.5
"C10",202.666666666666,"Healthy",3906.25
"D1",29199.6666666667,"Diseased",2e+06
"D2",12781.6666666667,"Diseased",1e+06
"D3",13286.6666666667,"Diseased",5e+05
"D4",6288.66666666667,"Diseased",250000
"D5",4818.66666666667,"Diseased",125000
"D6",2306.66666666667,"Diseased",62500
"D7",-1208.33333333333,"Diseased",31250
"D8",-2465.33333333333,"Diseased",15625
"D9",-2926.33333333333,"Diseased",7812.5
"D10",-1640.33333333333,"Diseased",3906.25
"E1",26142.6666666667,"Diseased",2e+06
"E2",24349.6666666667,"Diseased",1e+06
"E3",8031.66666666667,"Diseased",5e+05
"E4",2459.66666666667,"Diseased",250000
"E5",4386.66666666667,"Diseased",125000
"E6",597.666666666666,"Diseased",62500
"E7",-2610.33333333333,"Diseased",31250
"E8",-857.333333333334,"Diseased",15625
"E9",-1994.33333333333,"Diseased",7812.5
"E10",-2688.33333333333,"Diseased",3906.25
"F1",19217.6666666667,"Diseased",2e+06
"F2",21261.6666666667,"Diseased",1e+06
"F3",13043.6666666667,"Diseased",5e+05
"F4",11741.6666666667,"Diseased",250000
"F5",-343.333333333334,"Diseased",125000
"F6",318.666666666666,"Diseased",62500
"F7",-492.333333333334,"Diseased",31250
"F8",-2853.33333333333,"Diseased",15625
"F9",-1487.33333333333,"Diseased",7812.5
"F10",-660.333333333334,"Diseased",3906.25
"A1",39697.75,"Healthy",2e+06
"A2",38983.75,"Healthy",1e+06
"A3",30098.75,"Healthy",5e+05
"A4",20505.75,"Healthy",250000
"A5",8124.75,"Healthy",125000
"A6",1469.75,"Healthy",62500
"A7",-2643.25,"Healthy",31250
"A8",-4605.25,"Healthy",15625
"A9",-6651.25,"Healthy",7812.5
"A10",-7470.25,"Healthy",3906.25
"B1",73017.75,"Healthy",2e+06
"B2",31311.75,"Healthy",1e+06
"B3",33812.75,"Healthy",5e+05
"B4",15905.75,"Healthy",250000
"B5",5651.75,"Healthy",125000
"B6",-163.25,"Healthy",62500
"B7",-2862.25,"Healthy",31250
"B8",-6190.25,"Healthy",15625
"B9",-7173.25,"Healthy",7812.5
"B10",-7873.25,"Healthy",3906.25
"C1",35862.75,"Healthy",2e+06
"C2",23366.75,"Healthy",1e+06
"C3",23689.75,"Healthy",5e+05
"C4",14892.75,"Healthy",250000
"C5",2886.75,"Healthy",125000
"C6",-1298.25,"Healthy",62500
"C7",-4129.25,"Healthy",31250
"C8",-6806.25,"Healthy",15625
"C9",-8058.25,"Healthy",7812.5
"C10",-8323.25,"Healthy",3906.25
"D1",33087.75,"Diseased",2e+06
"D2",25634.75,"Diseased",1e+06
"D3",16071.75,"Diseased",5e+05
"D4",3022.75,"Diseased",250000
"D5",-2040.25,"Diseased",125000
"D6",-8702.25,"Diseased",62500
"D7",-8536.25,"Diseased",31250
"D8",-10432.25,"Diseased",15625
"D9",-11420.25,"Diseased",7812.5
"D10",-11041.25,"Diseased",3906.25
"E1",37417.75,"Diseased",2e+06
"E2",17281.75,"Diseased",1e+06
"E3",14114.75,"Diseased",5e+05
"E4",3542.75,"Diseased",250000
"E5",-5407.25,"Diseased",125000
"E6",-6634.25,"Diseased",62500
"E7",-9794.25,"Diseased",31250
"E8",-11333.25,"Diseased",15625
"E9",-10400.25,"Diseased",7812.5
"E10",-11663.25,"Diseased",3906.25
"F1",25242.75,"Diseased",2e+06
"F2",12477.75,"Diseased",1e+06
"F3",8894.75,"Diseased",5e+05
"F4",5337.75,"Diseased",250000
"F5",1020.75,"Diseased",125000
"F6",-6782.25,"Diseased",62500
"F7",-8451.25,"Diseased",31250
"F8",-9102.25,"Diseased",15625
"F9",-11265.25,"Diseased",7812.5
"F10",-10280.25,"Diseased",3906.25
"A1",232011.5,"Healthy",2e+06
"A2",175616.5,"Healthy",1e+06
"A3",110247.5,"Healthy",5e+05
"A4",79596.5,"Healthy",250000
"A5",41660.5,"Healthy",125000
"A6",26251.5,"Healthy",62500
"A7",25030.5,"Healthy",31250
"A8",927.5,"Healthy",15625
"A9",963.5,"Healthy",7812.5
"A10",191.5,"Healthy",3906.25
"B1",210023.5,"Healthy",2e+06
"B2",169723.5,"Healthy",1e+06
"B3",95478.5,"Healthy",5e+05
"B4",66821.5,"Healthy",250000
"B5",35004.5,"Healthy",125000
"B6",26391.5,"Healthy",62500
"B7",24571.5,"Healthy",31250
"B8",43.5,"Healthy",15625
"B9",-2381.5,"Healthy",7812.5
"B10",83.5,"Healthy",3906.25
"C1",232011.5,"Healthy",2e+06
"C2",149878.5,"Healthy",1e+06
"C3",107139.5,"Healthy",5e+05
"C4",69944.5,"Healthy",250000
"C5",42006.5,"Healthy",125000
"C6",28487.5,"Healthy",62500
"C7",24695.5,"Healthy",31250
"C8",-6388.5,"Healthy",15625
"C9",-1385.5,"Healthy",7812.5
"C10",-200.5,"Healthy",3906.25
"D1",120228.5,"Diseased",2e+06
"D2",106826.5,"Diseased",1e+06
"D3",61303.5,"Diseased",5e+05
"D4",44657.5,"Diseased",250000
"D5",26679.5,"Diseased",125000
"D6",13589.5,"Diseased",62500
"D7",12956.5,"Diseased",31250
"D8",-5898.5,"Diseased",15625
"D9",-6408.5,"Diseased",7812.5
"D10",-4159.5,"Diseased",3906.25
"E1",170536.5,"Diseased",2e+06
"E2",97476.5,"Diseased",1e+06
"E3",68904.5,"Diseased",5e+05
"E4",43744.5,"Diseased",250000
"E5",32197.5,"Diseased",125000
"E6",20175.5,"Diseased",62500
"E7",14903.5,"Diseased",31250
"E8",-5741.5,"Diseased",15625
"E9",-6930.5,"Diseased",7812.5
"E10",-4738.5,"Diseased",3906.25
"F1",181986.5,"Diseased",2e+06
"F2",143297.5,"Diseased",1e+06
"F3",79804.5,"Diseased",5e+05
"F4",36292.5,"Diseased",250000
"F5",29081.5,"Diseased",125000
"F6",16832.5,"Diseased",62500
"F7",17854.5,"Diseased",31250
"F8",-8363.5,"Diseased",15625
"F9",-5741.5,"Diseased",7812.5
"F10",-2944.5,"Diseased",3906.25
"A1",69260.5,"Healthy",2e+06
"A2",71826.5,"Healthy",1e+06
"A3",48741.5,"Healthy",5e+05
"A4",54935.5,"Healthy",250000
"A5",51410.5,"Healthy",125000
"A6",23997.5,"Healthy",62500
"A7",32107.5,"Healthy",31250
"A8",15707.5,"Healthy",15625
"A9",8910.5,"Healthy",7812.5
"A10",7667.5,"Healthy",3906.25
"B1",82470.5,"Healthy",2e+06
"B2",57208.5,"Healthy",1e+06
"B3",57418.5,"Healthy",5e+05
"B4",40416.5,"Healthy",250000
"B5",48032.5,"Healthy",125000
"B6",36910.5,"Healthy",62500
"B7",14593.5,"Healthy",31250
"B8",14572.5,"Healthy",15625
"B9",25473.5,"Healthy",7812.5
"B10",11609.5,"Healthy",3906.25
"C1",81875.5,"Healthy",2e+06
"C2",62397.5,"Healthy",1e+06
"C3",46315.5,"Healthy",5e+05
"C4",49880.5,"Healthy",250000
"C5",51738.5,"Healthy",125000
"C6",38328.5,"Healthy",62500
"C7",15809.5,"Healthy",31250
"C8",15141.5,"Healthy",15625
"C9",21860.5,"Healthy",7812.5
"C10",13736.5,"Healthy",3906.25
"D1",56071.5,"Diseased",2e+06
"D2",51478.5,"Diseased",1e+06
"D3",35597.5,"Diseased",5e+05
"D4",49437.5,"Diseased",250000
"D5",28071.5,"Diseased",125000
"D6",11699.5,"Diseased",62500
"D7",23282.5,"Diseased",31250
"D8",15620.5,"Diseased",15625
"D9",3889.5,"Diseased",7812.5
"D10",2847.5,"Diseased",3906.25
"E1",56148.5,"Diseased",2e+06
"E2",41299.5,"Diseased",1e+06
"E3",40400.5,"Diseased",5e+05
"E4",34588.5,"Diseased",250000
"E5",31141.5,"Diseased",125000
"E6",24931.5,"Diseased",62500
"E7",29633.5,"Diseased",31250
"E8",12243.5,"Diseased",15625
"E9",1968.5,"Diseased",7812.5
"E10",3519.5,"Diseased",3906.25
"F1",63586.5,"Diseased",2e+06
"F2",51768.5,"Diseased",1e+06
"F3",75412.5,"Diseased",5e+05
"F4",22144.5,"Diseased",250000
"F5",36335.5,"Diseased",125000
"F6",19115.5,"Diseased",62500
"F7",19569.5,"Diseased",31250
"F8",6634.5,"Diseased",15625
"F9",8102.5,"Diseased",7812.5
"F10",6581.5,"Diseased",3906.25
"A1",67498.5,"Healthy",2e+06
"A2",36909.5,"Healthy",1e+06
"A3",32402.5,"Healthy",5e+05
"A4",22725.5,"Healthy",250000
"A5",9696.5,"Healthy",125000
"A6",3550.5,"Healthy",62500
"A7",-1220.5,"Healthy",31250
"A8",-2354.5,"Healthy",15625
"A9",-3324.5,"Healthy",7812.5
"A10",-1914.5,"Healthy",3906.25
"B1",74027.5,"Healthy",2e+06
"B2",36907.5,"Healthy",1e+06
"B3",31239.5,"Healthy",5e+05
"B4",21634.5,"Healthy",250000
"B5",6818.5,"Healthy",125000
"B6",1617.5,"Healthy",62500
"B7",-729.5,"Healthy",31250
"B8",-2890.5,"Healthy",15625
"B9",-4313.5,"Healthy",7812.5
"B10",-4431.5,"Healthy",3906.25
"C1",84785.5,"Healthy",2e+06
"C2",43168.5,"Healthy",1e+06
"C3",29557.5,"Healthy",5e+05
"C4",22659.5,"Healthy",250000
"C5",7711.5,"Healthy",125000
"C6",3007.5,"Healthy",62500
"C7",-1294.5,"Healthy",31250
"C8",-3865.5,"Healthy",15625
"C9",-3394.5,"Healthy",7812.5
"C10",-4427.5,"Healthy",3906.25
"D1",71844.5,"Diseased",2e+06
"D2",20064.5,"Diseased",1e+06
"D3",24033.5,"Diseased",5e+05
"D4",11634.5,"Diseased",250000
"D5",-1752.5,"Diseased",125000
"D6",-2158.5,"Diseased",62500
"D7",-5064.5,"Diseased",31250
"D8",-5968.5,"Diseased",15625
"D9",-7307.5,"Diseased",7812.5
"D10",-7749.5,"Diseased",3906.25
"E1",66440.5,"Diseased",2e+06
"E2",28326.5,"Diseased",1e+06
"E3",24106.5,"Diseased",5e+05
"E4",4094.5,"Diseased",250000
"E5",2385.5,"Diseased",125000
"E6",-2377.5,"Diseased",62500
"E7",-4044.5,"Diseased",31250
"E8",-8361.5,"Diseased",15625
"E9",-7635.5,"Diseased",7812.5
"E10",-7970.5,"Diseased",3906.25
"F1",48566.5,"Diseased",2e+06
"F2",40907.5,"Diseased",1e+06
"F3",23502.5,"Diseased",5e+05
"F4",13482.5,"Diseased",250000
"F5",401.5,"Diseased",125000
"F6",-4988.5,"Diseased",62500
"F7",-5697.5,"Diseased",31250
"F8",-5421.5,"Diseased",15625
"F9",-7390.5,"Diseased",7812.5
"F10",-5448.5,"Diseased",3906.25
"A1",NA,"Healthy",2e+06
"A2",NA,"Healthy",1e+06
"A3",NA,"Healthy",5e+05
"A4",NA,"Healthy",250000
"A5",NA,"Healthy",125000
"A6",NA,"Healthy",62500
"A7",NA,"Healthy",31250
"A8",NA,"Healthy",15625
"A9",NA,"Healthy",7812.5
"A10",NA,"Healthy",3906.25
"B1",NA,"Healthy",2e+06
"B2",NA,"Healthy",1e+06
"B3",NA,"Healthy",5e+05
"B4",NA,"Healthy",250000
"B5",NA,"Healthy",125000
"B6",NA,"Healthy",62500
"B7",NA,"Healthy",31250
"B8",NA,"Healthy",15625
"B9",NA,"Healthy",7812.5
"B10",NA,"Healthy",3906.25
"C1",NA,"Healthy",2e+06
"C2",NA,"Healthy",1e+06
"C3",NA,"Healthy",5e+05
"C4",NA,"Healthy",250000
"C5",NA,"Healthy",125000
"C6",NA,"Healthy",62500
"C7",NA,"Healthy",31250
"C8",NA,"Healthy",15625
"C9",NA,"Healthy",7812.5
"C10",NA,"Healthy",3906.25
"D1",NA,"Diseased",2e+06
"D2",NA,"Diseased",1e+06
"D3",NA,"Diseased",5e+05
"D4",NA,"Diseased",250000
"D5",NA,"Diseased",125000
"D6",NA,"Diseased",62500
"D7",NA,"Diseased",31250
"D8",NA,"Diseased",15625
"D9",NA,"Diseased",7812.5
"D10",NA,"Diseased",3906.25
"E1",NA,"Diseased",2e+06
"E2",NA,"Diseased",1e+06
"E3",NA,"Diseased",5e+05
"E4",NA,"Diseased",250000
"E5",NA,"Diseased",125000
"E6",NA,"Diseased",62500
"E7",NA,"Diseased",31250
"E8",NA,"Diseased",15625
"E9",NA,"Diseased",7812.5
"E10",NA,"Diseased",3906.25
"F1",NA,"Diseased",2e+06
"F2",NA,"Diseased",1e+06
"F3",NA,"Diseased",5e+05
"F4",NA,"Diseased",250000
"F5",NA,"Diseased",125000
"F6",NA,"Diseased",62500
"F7",NA,"Diseased",31250
"F8",NA,"Diseased",15625
"F9",NA,"Diseased",7812.5
"F10",NA,"Diseased",3906.25
"A1",64012.1666666667,"Healthy",2e+06
"A2",66578.1666666667,"Healthy",1e+06
"A3",43493.1666666667,"Healthy",5e+05
"A4",49687.1666666667,"Healthy",250000
"A5",46162.1666666667,"Healthy",125000
"A6",18749.1666666667,"Healthy",62500
"A7",26859.1666666667,"Healthy",31250
"A8",10459.1666666667,"Healthy",15625
"A9",3662.16666666667,"Healthy",7812.5
"A10",2419.16666666667,"Healthy",3906.25
"B1",77222.1666666667,"Healthy",2e+06
"B2",51960.1666666667,"Healthy",1e+06
"B3",52170.1666666667,"Healthy",5e+05
"B4",35168.1666666667,"Healthy",250000
"B5",42784.1666666667,"Healthy",125000
"B6",31662.1666666667,"Healthy",62500
"B7",9345.16666666667,"Healthy",31250
"B8",9324.16666666667,"Healthy",15625
"B9",20225.1666666667,"Healthy",7812.5
"B10",6361.16666666667,"Healthy",3906.25
"C1",76627.1666666667,"Healthy",2e+06
"C2",57149.1666666667,"Healthy",1e+06
"C3",41067.1666666667,"Healthy",5e+05
"C4",44632.1666666667,"Healthy",250000
"C5",46490.1666666667,"Healthy",125000
"C6",33080.1666666667,"Healthy",62500
"C7",10561.1666666667,"Healthy",31250
"C8",9893.16666666667,"Healthy",15625
"C9",16612.1666666667,"Healthy",7812.5
"C10",8488.16666666667,"Healthy",3906.25
"D1",48250.1666666667,"Diseased",2e+06
"D2",53823.1666666667,"Diseased",1e+06
"D3",32394.1666666667,"Diseased",5e+05
"D4",41315.1666666667,"Diseased",250000
"D5",20951.1666666667,"Diseased",125000
"D6",10194.1666666667,"Diseased",62500
"D7",12837.1666666667,"Diseased",31250
"D8",11302.1666666667,"Diseased",15625
"D9",-3780.83333333333,"Diseased",7812.5
"D10",-3188.83333333333,"Diseased",3906.25
"E1",46800.1666666667,"Diseased",2e+06
"E2",31093.1666666667,"Diseased",1e+06
"E3",46289.1666666667,"Diseased",5e+05
"E4",30300.1666666667,"Diseased",250000
"E5",29658.1666666667,"Diseased",125000
"E6",23025.1666666667,"Diseased",62500
"E7",25552.1666666667,"Diseased",31250
"E8",1725.16666666667,"Diseased",15625
"E9",-257.833333333332,"Diseased",7812.5
"E10",-2759.83333333333,"Diseased",3906.25
"F1",54583.1666666667,"Diseased",2e+06
"F2",59332.1666666667,"Diseased",1e+06
"F3",72343.1666666667,"Diseased",5e+05
"F4",26407.1666666667,"Diseased",250000
"F5",26141.1666666667,"Diseased",125000
"F6",23453.1666666667,"Diseased",62500
"F7",8707.16666666667,"Diseased",31250
"F8",7905.16666666667,"Diseased",15625
"F9",-1274.83333333333,"Diseased",7812.5
"F10",3472.16666666667,"Diseased",3906.25
"A1",112209.416666667,"Healthy",2e+06
"A2",82489.4166666667,"Healthy",1e+06
"A3",57994.4166666667,"Healthy",5e+05
"A4",42533.4166666667,"Healthy",250000
"A5",25000.4166666667,"Healthy",125000
"A6",17846.4166666667,"Healthy",62500
"A7",9334.41666666667,"Healthy",31250
"A8",9532.41666666667,"Healthy",15625
"A9",9125.41666666667,"Healthy",7812.5
"A10",7272.41666666667,"Healthy",3906.25
"B1",158435.416666667,"Healthy",2e+06
"B2",71023.4166666667,"Healthy",1e+06
"B3",62151.4166666667,"Healthy",5e+05
"B4",35207.4166666667,"Healthy",250000
"B5",18878.4166666667,"Healthy",125000
"B6",14643.4166666667,"Healthy",62500
"B7",10220.4166666667,"Healthy",31250
"B8",8533.41666666667,"Healthy",15625
"B9",6591.41666666667,"Healthy",7812.5
"B10",4192.41666666667,"Healthy",3906.25
"C1",105742.416666667,"Healthy",2e+06
"C2",72330.4166666667,"Healthy",1e+06
"C3",49158.4166666667,"Healthy",5e+05
"C4",31095.4166666667,"Healthy",250000
"C5",19965.4166666667,"Healthy",125000
"C6",16594.4166666667,"Healthy",62500
"C7",10798.4166666667,"Healthy",31250
"C8",5870.41666666667,"Healthy",15625
"C9",5906.41666666667,"Healthy",7812.5
"C10",4564.41666666667,"Healthy",3906.25
"D1",81557.4166666667,"Diseased",2e+06
"D2",65534.4166666667,"Diseased",1e+06
"D3",33902.4166666667,"Diseased",5e+05
"D4",18372.4166666667,"Diseased",250000
"D5",10444.4166666667,"Diseased",125000
"D6",4958.41666666667,"Diseased",62500
"D7",789.416666666668,"Diseased",31250
"D8",-3891.58333333333,"Diseased",15625
"D9",-2811.58333333333,"Diseased",7812.5
"D10",2144.41666666667,"Diseased",3906.25
"E1",69555.4166666667,"Diseased",2e+06
"E2",52988.4166666667,"Diseased",1e+06
"E3",33992.4166666667,"Diseased",5e+05
"E4",18832.4166666667,"Diseased",250000
"E5",3324.41666666667,"Diseased",125000
"E6",6415.41666666667,"Diseased",62500
"E7",3780.41666666667,"Diseased",31250
"E8",-1266.58333333333,"Diseased",15625
"E9",-2515.58333333333,"Diseased",7812.5
"E10",-3277.58333333333,"Diseased",3906.25
"F1",81212.4166666667,"Diseased",2e+06
"F2",54431.4166666667,"Diseased",1e+06
"F3",33984.4166666667,"Diseased",5e+05
"F4",15123.4166666667,"Diseased",250000
"F5",11342.4166666667,"Diseased",125000
"F6",8943.41666666667,"Diseased",62500
"F7",4164.41666666667,"Diseased",31250
"F8",-1025.58333333333,"Diseased",15625
"F9",1531.41666666667,"Diseased",7812.5
"F10",-1302.58333333333,"Diseased",3906.25
"A1",112000.666666667,"Healthy",2e+06
"A2",113708.666666667,"Healthy",1e+06
"A3",67761.6666666667,"Healthy",5e+05
"A4",53448.6666666667,"Healthy",250000
"A5",33732.6666666667,"Healthy",125000
"A6",26376.6666666667,"Healthy",62500
"A7",19451.6666666667,"Healthy",31250
"A8",17143.6666666667,"Healthy",15625
"A9",16912.6666666667,"Healthy",7812.5
"A10",12732.6666666667,"Healthy",3906.25
"B1",157856.666666667,"Healthy",2e+06
"B2",95735.6666666667,"Healthy",1e+06
"B3",78154.6666666667,"Healthy",5e+05
"B4",48725.6666666667,"Healthy",250000
"B5",33728.6666666667,"Healthy",125000
"B6",26001.6666666667,"Healthy",62500
"B7",19467.6666666667,"Healthy",31250
"B8",16219.6666666667,"Healthy",15625
"B9",13951.6666666667,"Healthy",7812.5
"B10",14314.6666666667,"Healthy",3906.25
"C1",95995.6666666667,"Healthy",2e+06
"C2",92084.6666666667,"Healthy",1e+06
"C3",70868.6666666667,"Healthy",5e+05
"C4",48402.6666666667,"Healthy",250000
"C5",33597.6666666667,"Healthy",125000
"C6",22808.6666666667,"Healthy",62500
"C7",20097.6666666667,"Healthy",31250
"C8",15456.6666666667,"Healthy",15625
"C9",13210.6666666667,"Healthy",7812.5
"C10",13310.6666666667,"Healthy",3906.25
"D1",114126.666666667,"Diseased",2e+06
"D2",71716.6666666667,"Diseased",1e+06
"D3",45443.6666666667,"Diseased",5e+05
"D4",28282.6666666667,"Diseased",250000
"D5",26968.6666666667,"Diseased",125000
"D6",12007.6666666667,"Diseased",62500
"D7",10203.6666666667,"Diseased",31250
"D8",10752.6666666667,"Diseased",15625
"D9",4020.66666666667,"Diseased",7812.5
"D10",3321.66666666667,"Diseased",3906.25
"E1",101775.666666667,"Diseased",2e+06
"E2",74999.6666666667,"Diseased",1e+06
"E3",44850.6666666667,"Diseased",5e+05
"E4",33859.6666666667,"Diseased",250000
"E5",23893.6666666667,"Diseased",125000
"E6",8654.66666666667,"Diseased",62500
"E7",11415.6666666667,"Diseased",31250
"E8",9688.66666666667,"Diseased",15625
"E9",7427.66666666667,"Diseased",7812.5
"E10",4970.66666666667,"Diseased",3906.25
"F1",133545.666666667,"Diseased",2e+06
"F2",62752.6666666667,"Diseased",1e+06
"F3",47693.6666666667,"Diseased",5e+05
"F4",31503.6666666667,"Diseased",250000
"F5",21942.6666666667,"Diseased",125000
"F6",10967.6666666667,"Diseased",62500
"F7",12691.6666666667,"Diseased",31250
"F8",8780.66666666667,"Diseased",15625
"F9",10724.6666666667,"Diseased",7812.5
"F10",9805.66666666667,"Diseased",3906.25
"A1",39204.5,"Healthy",2e+06
"A2",28317.5,"Healthy",1e+06
"A3",17373.5,"Healthy",5e+05
"A4",10078.5,"Healthy",250000
"A5",1906.5,"Healthy",125000
"A6",-1600.5,"Healthy",62500
"A7",-3795.5,"Healthy",31250
"A8",-5185.5,"Healthy",15625
"A9",-5809.5,"Healthy",7812.5
"A10",-8593.5,"Healthy",3906.25
"B1",27150.5,"Healthy",2e+06
"B2",36487.5,"Healthy",1e+06
"B3",17598.5,"Healthy",5e+05
"B4",7454.5,"Healthy",250000
"B5",1249.5,"Healthy",125000
"B6",-1377.5,"Healthy",62500
"B7",-3831.5,"Healthy",31250
"B8",-5118.5,"Healthy",15625
"B9",-5753.5,"Healthy",7812.5
"B10",-6545.5,"Healthy",3906.25
"C1",30492.5,"Healthy",2e+06
"C2",24886.5,"Healthy",1e+06
"C3",14554.5,"Healthy",5e+05
"C4",6449.5,"Healthy",250000
"C5",2357.5,"Healthy",125000
"C6",-2961.5,"Healthy",62500
"C7",-3934.5,"Healthy",31250
"C8",-6356.5,"Healthy",15625
"C9",-5973.5,"Healthy",7812.5
"C10",-6464.5,"Healthy",3906.25
"D1",16725.5,"Diseased",2e+06
"D2",18325.5,"Diseased",1e+06
"D3",10995.5,"Diseased",5e+05
"D4",2003.5,"Diseased",250000
"D5",-2390.5,"Diseased",125000
"D6",-4019.5,"Diseased",62500
"D7",-7895.5,"Diseased",31250
"D8",-7422.5,"Diseased",15625
"D9",-10664.5,"Diseased",7812.5
"D10",-9703.5,"Diseased",3906.25
"E1",25258.5,"Diseased",2e+06
"E2",11577.5,"Diseased",1e+06
"E3",8624.5,"Diseased",5e+05
"E4",909.5,"Diseased",250000
"E5",-1092.5,"Diseased",125000
"E6",-7947.5,"Diseased",62500
"E7",-5471.5,"Diseased",31250
"E8",-9649.5,"Diseased",15625
"E9",-10281.5,"Diseased",7812.5
"E10",-11190.5,"Diseased",3906.25
"F1",32080.5,"Diseased",2e+06
"F2",29575.5,"Diseased",1e+06
"F3",9304.5,"Diseased",5e+05
"F4",3351.5,"Diseased",250000
"F5",-3932.5,"Diseased",125000
"F6",-4155.5,"Diseased",62500
"F7",-6592.5,"Diseased",31250
"F8",-10243.5,"Diseased",15625
"F9",-9910.5,"Diseased",7812.5
"F10",-9450.5,"Diseased",3906.25
"A1",112600.083333333,"Healthy",2e+06
"A2",114308.083333333,"Healthy",1e+06
"A3",68361.0833333333,"Healthy",5e+05
"A4",54048.0833333333,"Healthy",250000
"A5",34332.0833333333,"Healthy",125000
"A6",26976.0833333333,"Healthy",62500
"A7",20051.0833333333,"Healthy",31250
"A8",17743.0833333333,"Healthy",15625
"A9",17512.0833333333,"Healthy",7812.5
"A10",13332.0833333333,"Healthy",3906.25
"B1",158456.083333333,"Healthy",2e+06
"B2",96335.0833333333,"Healthy",1e+06
"B3",78754.0833333333,"Healthy",5e+05
"B4",49325.0833333333,"Healthy",250000
"B5",34328.0833333333,"Healthy",125000
"B6",26601.0833333333,"Healthy",62500
"B7",20067.0833333333,"Healthy",31250
"B8",16819.0833333333,"Healthy",15625
"B9",14551.0833333333,"Healthy",7812.5
"B10",14914.0833333333,"Healthy",3906.25
"C1",96595.0833333333,"Healthy",2e+06
"C2",92684.0833333333,"Healthy",1e+06
"C3",71468.0833333333,"Healthy",5e+05
"C4",49002.0833333333,"Healthy",250000
"C5",34197.0833333333,"Healthy",125000
"C6",23408.0833333333,"Healthy",62500
"C7",20697.0833333333,"Healthy",31250
"C8",16056.0833333333,"Healthy",15625
"C9",13810.0833333333,"Healthy",7812.5
"C10",13910.0833333333,"Healthy",3906.25
"D1",111633.083333333,"Diseased",2e+06
"D2",81778.0833333333,"Diseased",1e+06
"D3",54180.0833333333,"Diseased",5e+05
"D4",33128.0833333333,"Diseased",250000
"D5",25504.0833333333,"Diseased",125000
"D6",10074.0833333333,"Diseased",62500
"D7",13223.0833333333,"Diseased",31250
"D8",7739.08333333333,"Diseased",15625
"D9",10779.0833333333,"Diseased",7812.5
"D10",8187.08333333333,"Diseased",3906.25
"E1",101227.083333333,"Diseased",2e+06
"E2",68669.0833333333,"Diseased",1e+06
"E3",42934.0833333333,"Diseased",5e+05
"E4",32144.0833333333,"Diseased",250000
"E5",18391.0833333333,"Diseased",125000
"E6",10660.0833333333,"Diseased",62500
"E7",8742.08333333333,"Diseased",31250
"E8",4683.08333333333,"Diseased",15625
"E9",8134.08333333333,"Diseased",7812.5
"E10",3332.08333333333,"Diseased",3906.25
"F1",113312.083333333,"Diseased",2e+06
"F2",60572.0833333333,"Diseased",1e+06
"F3",50362.0833333333,"Diseased",5e+05
"F4",34456.0833333333,"Diseased",250000
"F5",20807.0833333333,"Diseased",125000
"F6",12878.0833333333,"Diseased",62500
"F7",9039.08333333333,"Diseased",31250
"F8",10218.0833333333,"Diseased",15625
"F9",5993.08333333333,"Diseased",7812.5
"F10",7124.08333333333,"Diseased",3906.25
"A1",60939.9166666667,"Healthy",2e+06
"A2",56521.9166666667,"Healthy",1e+06
"A3",31100.9166666667,"Healthy",5e+05
"A4",27855.9166666667,"Healthy",250000
"A5",15475.9166666667,"Healthy",125000
"A6",7832.91666666667,"Healthy",62500
"A7",4753.91666666667,"Healthy",31250
"A8",3815.91666666667,"Healthy",15625
"A9",3919.91666666667,"Healthy",7812.5
"A10",1859.91666666667,"Healthy",3906.25
"B1",58114.9166666667,"Healthy",2e+06
"B2",55125.9166666667,"Healthy",1e+06
"B3",31310.9166666667,"Healthy",5e+05
"B4",20387.9166666667,"Healthy",250000
"B5",13935.9166666667,"Healthy",125000
"B6",8443.91666666667,"Healthy",62500
"B7",4695.91666666667,"Healthy",31250
"B8",1512.91666666667,"Healthy",15625
"B9",2820.91666666667,"Healthy",7812.5
"B10",748.916666666668,"Healthy",3906.25
"C1",54816.9166666667,"Healthy",2e+06
"C2",43146.9166666667,"Healthy",1e+06
"C3",27431.9166666667,"Healthy",5e+05
"C4",17820.9166666667,"Healthy",250000
"C5",10160.9166666667,"Healthy",125000
"C6",7705.91666666667,"Healthy",62500
"C7",4639.91666666667,"Healthy",31250
"C8",1598.91666666667,"Healthy",15625
"C9",2411.91666666667,"Healthy",7812.5
"C10",1799.91666666667,"Healthy",3906.25
"D1",49491.9166666667,"Diseased",2e+06
"D2",25207.9166666667,"Diseased",1e+06
"D3",23534.9166666667,"Diseased",5e+05
"D4",17387.9166666667,"Diseased",250000
"D5",9623.91666666667,"Diseased",125000
"D6",6668.91666666667,"Diseased",62500
"D7",-3226.08333333333,"Diseased",31250
"D8",2119.91666666667,"Diseased",15625
"D9",-1658.08333333333,"Diseased",7812.5
"D10",-1539.08333333333,"Diseased",3906.25
"E1",41981.9166666667,"Diseased",2e+06
"E2",38058.9166666667,"Diseased",1e+06
"E3",14199.9166666667,"Diseased",5e+05
"E4",14404.9166666667,"Diseased",250000
"E5",11519.9166666667,"Diseased",125000
"E6",5965.91666666667,"Diseased",62500
"E7",1686.91666666667,"Diseased",31250
"E8",-792.083333333332,"Diseased",15625
"E9",-382.083333333332,"Diseased",7812.5
"E10",-6799.08333333333,"Diseased",3906.25
"F1",57606.9166666667,"Diseased",2e+06
"F2",31455.9166666667,"Diseased",1e+06
"F3",19511.9166666667,"Diseased",5e+05
"F4",21715.9166666667,"Diseased",250000
"F5",12653.9166666667,"Diseased",125000
"F6",1736.91666666667,"Diseased",62500
"F7",-3603.08333333333,"Diseased",31250
"F8",1621.91666666667,"Diseased",15625
"F9",-4369.08333333333,"Diseased",7812.5
"F10",-4678.08333333333,"Diseased",3906.25
"A1",54719.3333333333,"Healthy",2e+06
"A2",47054.3333333333,"Healthy",1e+06
"A3",48829.3333333333,"Healthy",5e+05
"A4",-9988.66666666667,"Healthy",250000
"A5",20189.3333333333,"Healthy",125000
"A6",12694.3333333333,"Healthy",62500
"A7",7369.33333333333,"Healthy",31250
"A8",4265.33333333333,"Healthy",15625
"A9",4385.33333333333,"Healthy",7812.5
"A10",1865.33333333333,"Healthy",3906.25
"B1",42289.3333333333,"Healthy",2e+06
"B2",33012.3333333333,"Healthy",1e+06
"B3",30138.3333333333,"Healthy",5e+05
"B4",-10066.6666666667,"Healthy",250000
"B5",10558.3333333333,"Healthy",125000
"B6",6774.33333333333,"Healthy",62500
"B7",3597.33333333333,"Healthy",31250
"B8",2078.33333333333,"Healthy",15625
"B9",1241.33333333333,"Healthy",7812.5
"B10",698.333333333334,"Healthy",3906.25
"C1",43663.3333333333,"Healthy",2e+06
"C2",31471.3333333333,"Healthy",1e+06
"C3",31483.3333333333,"Healthy",5e+05
"C4",-10133.6666666667,"Healthy",250000
"C5",8517.33333333333,"Healthy",125000
"C6",6442.33333333333,"Healthy",62500
"C7",3010.33333333333,"Healthy",31250
"C8",1678.33333333333,"Healthy",15625
"C9",1410.33333333333,"Healthy",7812.5
"C10",514.333333333334,"Healthy",3906.25
"D1",26336.3333333333,"Diseased",2e+06
"D2",23834.3333333333,"Diseased",1e+06
"D3",11912.3333333333,"Diseased",5e+05
"D4",-10692.6666666667,"Diseased",250000
"D5",4749.33333333333,"Diseased",125000
"D6",2071.33333333333,"Diseased",62500
"D7",7215.33333333333,"Diseased",31250
"D8",-2779.66666666667,"Diseased",15625
"D9",-3749.66666666667,"Diseased",7812.5
"D10",-1370.66666666667,"Diseased",3906.25
"E1",33146.3333333333,"Diseased",2e+06
"E2",20834.3333333333,"Diseased",1e+06
"E3",-11170.6666666667,"Diseased",5e+05
"E4",5856.33333333333,"Diseased",250000
"E5",3740.33333333333,"Diseased",125000
"E6",1139.33333333333,"Diseased",62500
"E7",-1442.66666666667,"Diseased",31250
"E8",-851.666666666666,"Diseased",15625
"E9",-2770.66666666667,"Diseased",7812.5
"E10",-3308.66666666667,"Diseased",3906.25
"F1",39372.3333333333,"Diseased",2e+06
"F2",29115.3333333333,"Diseased",1e+06
"F3",-11221.6666666667,"Diseased",5e+05
"F4",7860.33333333333,"Diseased",250000
"F5",3385.33333333333,"Diseased",125000
"F6",-56.6666666666661,"Diseased",62500
"F7",-704.666666666666,"Diseased",31250
"F8",-2472.66666666667,"Diseased",15625
"F9",-1444.66666666667,"Diseased",7812.5
"F10",-3364.66666666667,"Diseased",3906.25
"A1",131397.5,"Healthy",2e+06
"A2",109171.5,"Healthy",1e+06
"A3",94266.5,"Healthy",5e+05
"A4",80131.5,"Healthy",250000
"A5",52843.5,"Healthy",125000
"A6",34860.5,"Healthy",62500
"A7",28435.5,"Healthy",31250
"A8",21486.5,"Healthy",15625
"A9",21422.5,"Healthy",7812.5
"A10",17276.5,"Healthy",3906.25
"B1",146062.5,"Healthy",2e+06
"B2",97405.5,"Healthy",1e+06
"B3",82720.5,"Healthy",5e+05
"B4",61923.5,"Healthy",250000
"B5",47490.5,"Healthy",125000
"B6",38739.5,"Healthy",62500
"B7",25850.5,"Healthy",31250
"B8",19110.5,"Healthy",15625
"B9",18044.5,"Healthy",7812.5
"B10",15780.5,"Healthy",3906.25
"C1",125375.5,"Healthy",2e+06
"C2",89770.5,"Healthy",1e+06
"C3",82773.5,"Healthy",5e+05
"C4",53896.5,"Healthy",250000
"C5",43141.5,"Healthy",125000
"C6",31276.5,"Healthy",62500
"C7",26711.5,"Healthy",31250
"C8",17804.5,"Healthy",15625
"C9",16181.5,"Healthy",7812.5
"C10",15275.5,"Healthy",3906.25
"D1",87971.5,"Diseased",2e+06
"D2",76442.5,"Diseased",1e+06
"D3",52883.5,"Diseased",5e+05
"D4",45345.5,"Diseased",250000
"D5",31662.5,"Diseased",125000
"D6",16359.5,"Diseased",62500
"D7",13079.5,"Diseased",31250
"D8",3930.5,"Diseased",15625
"D9",5872.5,"Diseased",7812.5
"D10",6091.5,"Diseased",3906.25
"E1",80467.5,"Diseased",2e+06
"E2",63261.5,"Diseased",1e+06
"E3",43233.5,"Diseased",5e+05
"E4",42641.5,"Diseased",250000
"E5",32102.5,"Diseased",125000
"E6",17444.5,"Diseased",62500
"E7",16987.5,"Diseased",31250
"E8",12847.5,"Diseased",15625
"E9",7236.5,"Diseased",7812.5
"E10",6380.5,"Diseased",3906.25
"F1",77098.5,"Diseased",2e+06
"F2",77698.5,"Diseased",1e+06
"F3",66154.5,"Diseased",5e+05
"F4",39043.5,"Diseased",250000
"F5",32796.5,"Diseased",125000
"F6",18840.5,"Diseased",62500
"F7",11687.5,"Diseased",31250
"F8",8460.5,"Diseased",15625
"F9",9146.5,"Diseased",7812.5
"F10",2910.5,"Diseased",3906.25
"A1",76110.9166666667,"Healthy",2e+06
"A2",47613.9166666667,"Healthy",1e+06
"A3",45258.9166666667,"Healthy",5e+05
"A4",36520.9166666667,"Healthy",250000
"A5",22156.9166666667,"Healthy",125000
"A6",-18944.0833333333,"Healthy",62500
"A7",3141.91666666667,"Healthy",31250
"A8",-1453.08333333333,"Healthy",15625
"A9",-1584.08333333333,"Healthy",7812.5
"A10",-3038.08333333333,"Healthy",3906.25
"B1",63116.9166666667,"Healthy",2e+06
"B2",41655.9166666667,"Healthy",1e+06
"B3",58255.9166666667,"Healthy",5e+05
"B4",17685.9166666667,"Healthy",250000
"B5",-18757.0833333333,"Healthy",125000
"B6",13397.9166666667,"Healthy",62500
"B7",-280.083333333332,"Healthy",31250
"B8",-3510.08333333333,"Healthy",15625
"B9",-3052.08333333333,"Healthy",7812.5
"B10",-5406.08333333333,"Healthy",3906.25
"C1",92871.9166666667,"Healthy",2e+06
"C2",49413.9166666667,"Healthy",1e+06
"C3",33592.9166666667,"Healthy",5e+05
"C4",52636.9166666667,"Healthy",250000
"C5",-19093.0833333333,"Healthy",125000
"C6",3653.91666666667,"Healthy",62500
"C7",-799.083333333332,"Healthy",31250
"C8",-3522.08333333333,"Healthy",15625
"C9",-3371.08333333333,"Healthy",7812.5
"C10",-4018.08333333333,"Healthy",3906.25
"D1",56619.9166666667,"Diseased",2e+06
"D2",33245.9166666667,"Diseased",1e+06
"D3",15557.9166666667,"Diseased",5e+05
"D4",36607.9166666667,"Diseased",250000
"D5",-19406.0833333333,"Diseased",125000
"D6",-1934.08333333333,"Diseased",62500
"D7",-6517.08333333333,"Diseased",31250
"D8",-7108.08333333333,"Diseased",15625
"D9",-10232.0833333333,"Diseased",7812.5
"D10",-7509.08333333333,"Diseased",3906.25
"E1",64452.9166666667,"Diseased",2e+06
"E2",71497.9166666667,"Diseased",1e+06
"E3",16934.9166666667,"Diseased",5e+05
"E4",5261.91666666667,"Diseased",250000
"E5",-20492.0833333333,"Diseased",125000
"E6",-5617.08333333333,"Diseased",62500
"E7",-4077.08333333333,"Diseased",31250
"E8",-8413.08333333333,"Diseased",15625
"E9",-7495.08333333333,"Diseased",7812.5
"E10",-9837.08333333333,"Diseased",3906.25
"F1",62180.9166666667,"Diseased",2e+06
"F2",39638.9166666667,"Diseased",1e+06
"F3",18323.9166666667,"Diseased",5e+05
"F4",16484.9166666667,"Diseased",250000
"F5",-19728.0833333333,"Diseased",125000
"F6",3690.91666666667,"Diseased",62500
"F7",-3759.08333333333,"Diseased",31250
"F8",-5551.08333333333,"Diseased",15625
"F9",-7067.08333333333,"Diseased",7812.5
"F10",-7460.08333333333,"Diseased",3906.25
